name,orig_name,state,orig_county,established,continuous,stamp_index,coordinates,duration,latitude,longitude
ELKRIDGE,ELKRIDGE (2),MD,Howard,2000,True,0.0,True,21,39.19058,-76.74778
MIAMI BEACH,MIAMI BEACH,FL,Dade,1999,True,0.0,True,22,25.7844687,-80.1324894
ENGINE,ENGINE,MS,Neshoba,1999,False,2.0,True,-90,32.6390257,-89.0922808
FORT WASHINGTON,FORT WASHINGTON (2),MD,Prince Georges,1996,True,0.0,True,25,38.73084,-76.99165
PARK HILLS,PARK HILLS,MO,St. Francois,1995,True,0.0,True,26,37.8507576,-90.5218437
BATESBURG-LEESVILLE,BATESBURG-LEESVILLE,SC,Lexington,1995,True,0.0,True,26,33.916532,-81.5134368
MARCO ISLAND,MARCO ISLAND,FL,Collier,1994,True,0.0,True,27,25.9530973,-81.7224319
MERIDALE,MERIDALE,NY,Delaware,1994,True,0.0,True,27,42.3670035,-74.9528888
TYRONE,TYRONE,OK,Texas,1992,True,0.0,True,29,36.95486,-101.0697
BLEDSOE,BLEDSOE,AL,Talladega,1991,True,6.0,True,-93,33.4720516,-86.1133052
PERU,PERU (2),ME,Oxford,1990,True,0.0,True,31,44.5211659,-70.4682455
COBB,COBB,AL,Etowah,1989,True,5.0,True,-82,33.9167658,-85.912469
BROWNLEE,BROWNLEE,NE,Cherry,1988,True,0.0,True,33,42.28805,-100.6257
LOUISBURG,LOUISBURG,MN,Lac Qui Parle,1988,True,0.0,True,33,45.16611,-96.17083
OCEAN SHORES,OCEAN SHORES,WA,Grays Harbor,1988,True,0.0,True,33,47.00688,-124.1564
BRUNING,BRUNING,NE,Thayer,1987,True,0.0,True,34,40.33639,-97.56581
CROFTON,CROFTON,MD,Anne Arundel,1987,True,0.0,True,34,39.0098,-76.69993
DEWEESE,DEWEESE,NE,Clay,1987,True,0.0,True,34,40.35531,-98.13904
FORT VALLEY,FORT VALLEY,VA,Shenandoah,1986,True,0.0,True,35,38.84531,-78.4159
HAYDEN,HAYDEN,ID,Kootenai,1986,True,0.0,True,35,47.75239,-116.7884
WINDHAM,WINDHAM (2),ME,Cumberland,1985,True,0.0,True,36,43.8365919,-70.4381503
GRUETLI-LAAGER,GRUETLI-LAAGER,TN,Grundy,1985,True,0.0,True,36,35.3684731,-85.6365455
WENDOVER,WENDOVER,NV,Elko,1985,True,0.0,True,36,40.73521,-114.0458
MOUNT TABOR,MOUNT TABOR,NJ,Morris,1985,True,0.0,True,36,40.8733247,-74.4792998
RUSH VALLEY,RUSH VALLEY,UT,Tooele,1984,True,0.0,True,37,40.3548,-112.4543
CHAMBERS,CHAMBERS,NE,Holt,1984,True,0.0,True,37,42.20496,-98.74838
LYNDEBOROUGH,LYNDEBOROUGH,NH,Hillsboro,1984,True,0.0,True,37,42.8730653,-71.7775561
SANTA FE,SANTA FE,TX,Galveston,1983,True,0.0,True,38,29.37686,-95.09882
GARLAND CITY,GARLAND CITY,AR,Miller,1983,True,0.0,True,38,33.3592151,-93.7106068
AMARGOSA VALLEY,AMARGOSA VALLEY,NV,Nye,1982,True,0.0,True,39,36.64384,-116.4003
SHELLER,SHELLER,IL,Jefferson,1982,True,1.0,True,-54,38.18888,-89.09541
RANCHES DE TAOS,RANCHES DE TAOS,NM,Taos,1982,True,0.0,True,39,36.3594,-105.6082
KYKOTSMOVI VILLAGE,KYKOTSMOVI VILLAGE,AZ,Navajo,1982,True,0.0,True,39,35.87417,-110.6235
DELMAR,DELMAR,MD,Wicomico,1982,True,1.0,True,39,38.45595,-75.57742
ANTHONY,ANTHONY,TX,El Paso,1981,True,0.0,True,40,31.99927,-106.6055
BETHESDA,BETHESDA (3),MD,Montgomery,1981,True,0.0,True,40,38.9784922,-77.0917627
LEEDS,LEEDS (2),ME,Androscoggin,1980,True,0.0,True,41,44.3021939,-70.1180106
GOULDSBORO,GOULDSBORO (2),ME,Hancock,1980,True,0.0,True,41,44.4717738,-68.0955733
CUSTER CITY,CUSTER CITY,OK,Custer,1979,True,0.0,True,42,35.66435,-98.88373
COLLEGE STATION,COLLEGE STATION,AR,Pulaski,1979,True,0.0,True,42,34.7074867,-92.2242365
CORNWALL ON HUDSON,CORNWALL ON HUDSON,NY,Orange,1979,True,0.0,True,42,41.4443949,-74.0148608
KAW CITY,KAW CITY,OK,Kay,1979,True,0.0,True,42,36.76461,-96.86068
TYBEE ISLAND,TYBEE ISLAND,GA,Chatham,1978,True,0.0,True,43,32.0150808,-80.8484699
SENECA ROCKS,SENECA ROCKS,WV,Pendleton,1978,False,0.0,True,43,38.83623,-79.38817
ALBERTON,ALBERTON,AL,Coffee,1978,True,5.0,True,-74,31.2779473,-86.1257796
PURDYS,PURDYS,NY,Westchester,1977,True,0.0,True,44,41.3258056,-73.6553316
MASS CITY,MASS CITY,MI,Ontonagon,1977,True,0.0,True,44,46.76295,-89.07938
COLUMBIA,COLUMBIA (2),MD,Howard,1977,False,0.0,True,44,39.18356,-76.82197
CATFISH POINT,CATFISH POINT,MS,Bolivar,1977,True,7.0,True,-84,33.6809429,-91.198724
RESTON,RESTON,VA,Fairfax,1976,True,0.0,True,45,38.94758,-77.32954
WEST BRIDPORT,WEST BRIDPORT,VT,Addison,1976,True,7.0,True,-73,43.9567244,-73.3959548
WEYERHAEUSER,WEYERHAEUSER,WI,Rusk,1976,True,0.0,True,45,45.423,-91.41421
MOUNT HOOD-PARKDALE,MOUNT HOOD-PARKDALE,OR,Hood River,1976,True,0.0,True,45,45.51994,-121.5975
RIVIERA,RIVIERA,AZ,Mohave,1976,True,0.0,True,45,35.09444,-114.6302
LANHAM-SEABROOK,LANHAM-SEABROOK,MD,Prince Georges,1976,True,0.0,True,45,38.96691,-76.84536
AVONDALE-GOODYEAR,AVONDALE-GOODYEAR,AZ,Maricopa,1975,True,0.0,True,46,33.43857,-112.3914
PARKER CITY,PARKER CITY,IN,Randolph,1975,True,0.0,True,46,40.18904,-85.20407
LOS OJOS,LOS OJOS,NM,Rio Arriba,1975,True,0.0,True,46,36.72938,-106.5719
HOWELL,HOWELL (2),NJ,Monmouth,1974,True,0.0,True,47,40.1513519,-74.2285445
ELMWOOD PARK,ELMWOOD PARK,NJ,Bergen,1974,True,0.0,True,47,40.9070466,-74.1189713
MAGGIE VALLEY,MAGGIE VALLEY,NC,Haywood,1974,True,0.0,True,47,35.51846,-83.10009
EPSOM,EPSOM (2),NH,Merrimack,1974,True,0.0,True,47,43.2302022,-71.3604763
MISSISSIPPI STATE,MISSISSIPPI STATE,MS,Oktibbeha,1973,True,0.0,True,48,33.4549384,-88.7861884
CUSHING,CUSHING (2),ME,Knox,1973,True,0.0,True,48,43.999539,-69.2679859
EAST CARBON,EAST CARBON,UT,Carbon,1973,True,0.0,True,48,39.54351,-110.4208
LAKE ELSINORE,LAKE ELSINORE,CA,Riverside,1972,True,0.0,True,49,33.66934,-117.3331
WILTON,WILTON,IA,Muscatine,1972,True,0.0,True,49,41.58854,-91.01573
ELM GROVE,ELM GROVE,LA,Bossier,1972,True,0.0,True,49,32.3492348,-93.5541349
ALCOA CENTER,ALCOA CENTER,PA,Westmoreland,1972,True,0.0,True,49,40.5384,-79.6450454
SODDY DAISY,SODDY DAISY,TN,Hamilton,1972,True,0.0,True,49,35.264696,-85.175678
SIMI VALLEY,SIMI VALLEY,CA,Ventura,1971,True,0.0,True,50,34.28158,-118.7364
GARDENDALE,GARDENDALE,TX,Ector,1971,True,0.0,True,50,32.03449,-102.3825
BOONEVILLE,BOONEVILLE,IA,Dallas,1971,True,0.0,True,50,41.5239876,-93.8842975
MARION HEIGHTS,MARION HEIGHTS,PA,Northumberland,1971,True,0.0,True,50,40.8052297,-76.4657878
WESTFIELD CENTER,WESTFIELD CENTER,OH,Medina,1971,True,0.0,True,50,41.02701,-81.93051
EAST  HANOVER,EAST  HANOVER,NJ,Morris,1971,True,0.0,True,50,40.8206912,-74.3669106
CAMELOT,CAMELOT,TN,Hawkins,1971,True,1.0,True,4,36.4484263,-83.0554453
KINGDOM CITY,KINGDOM CITY,MO,Callaway,1970,True,0.0,True,51,38.9488454,-91.942331
BROGUE,BROGUE,PA,York,1970,True,0.0,True,51,39.8721171,-76.4848387
NORTH MYRTLE BEACH,NORTH MYRTLE BEACH,SC,Horry,1970,True,0.0,True,51,33.8227814,-78.6838355
UNIVERSAL CITY,UNIVERSAL CITY,TX,Bexar,1970,True,0.0,True,51,29.55095,-98.29421
BRAZIL,BRAZIL,MS,Tallahatchie,1970,True,1.0,True,11,34.0265021,-90.2806463
BARRINGTON,BARRINGTON (2),NH,Strafford,1970,True,0.0,True,51,43.2128042,-70.9987164
EWING STATION,EWING STATION,IN,Jackson,1969,True,1.0,True,3,38.88478,-86.05526
MEDFORD,MEDFORD,NY,Suffolk,1969,True,0.0,True,52,40.8063355,-73.0024139
BRYCE MOUNTAIN,BRYCE MOUNTAIN,VA,Shenandoah,1969,True,3.0,True,1,38.8070573,-78.7922437
ENFIELD,ENFIELD (2),CT,Hartford,1969,True,0.0,True,52,41.9956124,-72.5718219
SUNSET BEACH,SUNSET BEACH,HI,OAHU,1968,True,2.0,True,3,21.67011,-158.0457
EDEN,EDEN,NC,Rockingham,1968,True,0.0,True,53,36.51075,-79.73821
WHITEHALL,WHITEHALL,PA,Lehigh,1968,True,0.0,True,53,40.6439081,-75.4852739
HEALY,HEALY,AK,,1968,True,0.0,True,53,63.87647,-149.0166
EVERGLADES CITY,EVERGLADES CITY,FL,Collier,1968,True,0.0,True,53,25.8658489,-81.3831082
DOGPATCH,DOGPATCH,AR,Newton,1968,True,1.0,True,53,36.1097964,-93.1348986
DRESDEN,DRESDEN (3),ME,Lincoln,1968,True,0.0,True,53,44.106738,-69.7243267
DEARBORN HEIGHTS,DEARBORN HEIGHTS,MI,Wayne,1967,True,0.0,True,54,42.32755,-83.29737
LENNI,LENNI,PA,Delaware,1967,True,0.0,True,54,39.8945842,-75.4475232
SOUTH LAKE TAHOE,SOUTH LAKE TAHOE,CA,El Dorado,1967,True,0.0,True,54,38.93356,-119.9744
COLRAIN,COLRAIN (2),MA,Franklin,1967,True,0.0,True,54,42.6724989,-72.7002163
NEWBERRY SPRINGS,NEWBERRY SPRINGS,CA,San Bernardino,1967,True,0.0,True,54,34.82389,-116.6626
NEW MANCHESTER,NEW MANCHESTER,WV,Hancock,1967,True,0.0,True,54,40.53141,-80.57913
PIERRE PART,PIERRE PART (2),LA,Assumption,1967,True,0.0,True,54,29.9539916,-91.2123641
SPARKS-GLENCOE,SPARKS-GLENCOE,MD,Baltimore,1967,True,0.0,True,54,39.52953,-76.64577
HILT,HILT,CA,Siskiyou,1967,True,1.0,True,7,41.99486,-122.6234
BURLINGTON,BURLINGTON (2),MA,Middlesex,1967,True,0.0,True,54,42.5042561,-71.1938165
ELDORADO,ELDORADO,WI,Fond du Lac,1967,True,0.0,True,54,43.82075,-88.62452
POCONO SUMMIT,POCONO SUMMIT,PA,Monroe,1967,True,0.0,True,54,41.1089795,-75.4038098
SOLDOTNA,SOLDOTNA,AK,,1967,True,0.0,True,54,60.49093,-151.074
WORTHINGTON SPRINGS,WORTHINGTON SPRINGS,FL,Union,1967,True,0.0,True,54,29.9306344,-82.4238715
STATE UNIVERSITY,STATE UNIVERSITY,AR,Craighead,1967,True,0.0,True,54,35.8415534,-90.6773209
OAK HALL,OAK HALL,PA,Centre,1967,True,1.0,True,4,40.7939513,-77.8024998
EKWOK,EKWOK,AK,,1966,True,0.0,True,55,59.35042,-157.4749
DINOSAUR,DINOSAUR,CO,Moffat,1966,True,0.0,True,55,40.24504,-109.0096
GARDEN CITY PARK,GARDEN CITY PARK,NY,Nassau,1966,True,0.0,True,55,40.7409348,-73.6626297
STAR JUNCTION,STAR JUNCTION,PA,Fayette,1966,True,0.0,True,55,40.0638921,-79.7650191
WEST FORKS,WEST FORKS (2),ME,Somerset,1966,True,0.0,True,55,45.3396361,-69.9707943
MOUNT BALDY,MOUNT BALDY,CA,San Bernardino,1966,True,1.0,True,9,34.26354,-117.6335
GILA HOT SPRINGS,GILA HOT SPRINGS,NM,Grant,1966,True,2.0,True,5,33.1959,-108.207
LITTLE LAKE,LITTLE LAKE,MI,Marquette,1966,True,0.0,True,55,46.28789,-87.34159
VAIL,VAIL,CO,Eagle,1966,True,0.0,True,55,39.63807,-106.4069
BASS HARBOR,BASS HARBOR,ME,Hancock,1966,True,0.0,True,55,44.2377495,-68.3447649
BLACK CANYON CITY,BLACK CANYON CITY,AZ,Yavapai,1966,True,0.0,True,55,34.06564,-112.1512
LAKE HAVASU CITY,LAKE HAVASU CITY,AZ,Mohave,1966,True,0.0,True,55,34.4756,-114.3406
COLEMAN FALLS,COLEMAN(S) FALLS,VA,Bedford,1966,True,0.0,True,55,37.50116,-79.30263
LAKESIDE-MARBLEHEAD,LAKESIDE-MARBLEHEAD,OH,Ottawa,1965,True,0.0,True,56,41.53969,-82.74059
ESTER,ESTER,AK,,1965,True,0.0,True,56,64.84523,-148.0196
DOUGLAS,DOUGLAS,WV,Tucker,1965,True,1.0,True,3,39.12705,-79.52061
PORT LIONS,PORT LIONS,AK,,1965,True,0.0,True,56,57.86681,-152.88
OXBOW,OXBOW,OR,Baker,1965,True,0.0,True,56,44.9751,-116.8596
LINCOLN CITY,LINCOLN CITY,OR,Lincoln,1965,True,0.0,True,56,44.96,-124.0121
BRANDRETH,BRANDRETH,NY,Herkimer,1965,True,1.0,True,1,43.9375632,-74.8526795
REDCREST,REDCREST,CA,Humboldt,1965,True,0.0,True,56,40.40009,-123.9493
DANBURY,DANBURY (2),NH,Merrimack,1965,True,0.0,True,56,43.5251561,-71.8592101
HEBER CITY,HEBER CITY,UT,Wasatch,1965,True,0.0,True,56,40.50931,-111.4112
PISCATAWAY,PISCATAWAY,NJ,Middlesex,1965,True,0.0,True,56,40.5376963,-74.4732574
MONTCLAIR,MONTCLAIR,CA,San Bernardino,1965,True,0.0,True,56,34.07444,-117.6921
EAST IRVINE,EAST IRVINE,CA,Orange,1965,True,1.0,True,9,33.67585,-117.7598
CHERRY HILL,CHERRY HILL,NJ,Camden,1965,True,0.0,True,56,39.9010768,-74.9776823
DEERFIELD,DEERFIELD (2),NH,Rockingham,1964,True,0.0,True,57,43.1283317,-71.2376227
WEST MIFFLIN,WEST MIFFLIN,PA,Allegheny,1964,True,1.0,True,7,40.3813435,-79.8765302
ROYAL CITY,ROYAL CITY,WA,Grant,1964,True,0.0,True,57,46.89993,-119.6309
KENDALL PARK,KENDALL PARK,NJ,Middlesex,1964,True,0.0,True,57,40.4209391,-74.560711
ZANESVILLE,ZANESVILLE,IN,Allen,1964,True,0.0,True,57,40.91759,-85.2816
BELLVUE,BELLVUE,TN,Davidson,1964,True,1.0,True,12,36.0766877,-86.9484813
CATHEYS VALLEY,CATHEYS VALLEY,CA,Mariposa,1964,True,0.0,True,57,37.43261,-120.0981
GREEN VALLEY,GREEN VALLEY,AZ,Pima,1964,True,0.0,True,57,31.85081,-110.9915
DES ALLEMANDS,DES ALLEMANDS,LA,Saint Charles,1964,True,0.0,True,57,29.8240837,-90.4681797
FUQUAY-VARINA,FUQUAY-VARINA,NC,Wake,1964,True,0.0,True,57,35.58432,-78.80001
WILLINGBORO,WILLINGBORO,NJ,Burlington,1964,True,0.0,True,57,40.0310702,-74.8945524
SMALL POINT,SMALL POINT (2),ME,Sagadahoc,1964,True,2.0,True,3,43.7381401,-69.8403236
SALEM,SALEM (2),NH,Rockingham,1963,True,0.0,True,58,42.7772853,-71.2243573
LINCOLN,LINCOLN (2),MA,Middlesex,1963,True,0.0,True,58,42.4241252,-71.3081989
CHESTNUT RIDGE,CHESTNUT RIDGE,NY,Niagara,1963,True,0.0,True,58,43.1766425,-78.6181762
GRAYLING,GRAYLING,AK,,1963,True,0.0,True,58,62.90652,-160.0674
AMBLER,AMBLER,AK,,1963,True,0.0,True,58,67.08651,-157.8554
PLEASANT VALLEY,PLEASANT VALLEY,VA,Rockingham,1963,True,0.0,True,58,38.38513,-78.89614
DRACUT,DRACUT (2),MA,Middlesex,1963,True,0.0,True,58,42.6735028,-71.2955849
LITTLE AMERICA,LITTLE AMERICA,WY,Sweetwater,1963,True,0.0,True,58,41.54441,-109.8594
RHEEM VALLEY,RHEEM VALLEY,CA,Contra Costa,1963,True,0.0,True,58,37.83493,-122.1297
SUN CITY,SUN CITY,CA,Riverside,1963,True,0.0,True,58,33.68989,-117.1771
BREVIG MISSION,BREVIG MISSION,AK,,1963,True,0.0,True,58,65.33506,-166.4873
RIEGELWOOD,RIEGELWOOD,NC,Columbus,1963,True,0.0,True,58,34.34026,-78.22465
NEW ELLENTON,NEW ELLENTON,SC,Aiken,1963,True,0.0,True,58,33.4253552,-81.6851391
EAST FALMOUTH,EAST FALMOUTH (2),MA,Barnstable,1963,True,0.0,True,58,41.5779562,-70.5574795
GRASS CREEK,GRASS CREEK,IN,Fulton,1963,True,1.0,True,1,40.94754,-86.40445
COMMERCE CITY,COMMERCE CITY,CO,Adams,1963,True,0.0,True,58,39.83032,-104.9112
NORTHWOOD,NORTHWOOD (3),NH,Rockingham,1963,True,0.0,True,58,43.2220412,-71.2481863
LAKE PANASOFFKEE,LAKE PANASOFFKEE,FL,Sumter,1963,True,0.0,True,58,28.7867538,-82.1276308
WEST HELENA,WEST HELENA,AR,Phillips,1963,True,0.0,True,58,34.5468782,-90.6461396
ELGIN,ELGIN,SC,Kershaw,1962,True,0.0,True,59,34.1709826,-80.794252
BRANCH,BRANCH,MI,Mason,1962,True,0.0,True,59,43.9464551,-86.0993743
ROLLINSFORD,ROLLINSFORD,NH,Strafford,1962,True,0.0,True,59,43.2359645,-70.8212732
KASIGLUK,KASIGLUK,AK,,1962,True,0.0,True,59,60.87427,-162.5173
CENTER,CENTER,PA,Beaver,1962,True,1.0,True,3,40.6500663,-80.2997843
ROSEDALE,ROSEDALE (2),MD,Baltimore,1962,True,1.0,True,3,39.33281,-76.49252
CAPE CANAVERAL,CAPE CANAVERAL,FL,Brevard,1962,True,0.0,True,59,28.3963779,-80.6113292
LOCUST FORK,LOCUST FORK (2),AL,Blount,1962,True,0.0,True,59,33.9046262,-86.6215467
HUACHUCA CITY,HUACHUCA CITY,AZ,Cochise,1962,True,0.0,True,59,31.63703,-110.3363
KEAAU,KEAAU (2),HI,HAWAII,1962,True,0.0,True,59,19.62168,-155.0402
CHIGNIK LAGOON,CHIGNIK LAGOON,AK,,1962,True,0.0,True,59,56.30998,-158.5347
OCEAN SHORES,OCEAN SHORES,WA,Grays Harbor,1962,True,1.0,True,14,47.00688,-124.1564
CAMDEN-WYOMING,CAMDEN-WYOMING,DE,Kent,1962,True,0.0,True,59,39.11883,-75.55202
BUCKLAND,BUCKLAND,AK,,1962,True,0.0,True,59,65.97972,-161.1231
SOUTHAVEN,SOUTHAVEN,MS,De Soto,1962,True,0.0,True,59,34.9694745,-89.9892741
ANGELUS OAKS,ANGELUS OAKS,CA,San Bernardino,1962,True,0.0,True,59,34.14962,-116.9806
LOWER KALSKAG,LOWER KALSKAG,AK,,1962,True,0.0,True,59,61.51222,-160.3651
PINON HILLS,PINON HILLS,CA,San Bernardino,1962,True,0.0,True,59,34.43846,-117.6423
JACKPOT,JACKPOT,NV,Elko,1962,True,0.0,True,59,41.97982,-114.6733
STANDARD CITY,STANDARD CITY,IL,Macoupin,1962,True,0.0,True,59,39.35227,-89.7876
HANOVER,HANOVER,MD,Anne Arundel,1962,True,0.0,True,59,39.16471,-76.7083
YELLOWSTONE NATIONAL PARK,YELLOWSTONE NATIONAL PARK,WY,Park,1962,True,0.0,True,59,44.97695,-110.699
PALOS VERDES PENINSULA,PALOS VERDES PENINSULA,CA,Los Angeles,1962,True,0.0,True,59,33.76921,-118.3653
HILTON HEAD ISLAND,HILTON HEAD ISLAND,SC,Beaufort,1962,True,0.0,True,59,32.1632171,-80.766629
WHITAKERS,WHITAKERS,NC,Nash,1962,True,0.0,True,59,36.10575,-77.71298
SUN CITY,SUN CITY,AZ,Maricopa,1962,True,0.0,True,59,33.63872,-112.2711
BRONX,BRONX,NY,Bronx,1962,True,0.0,True,59,40.8188627,-73.9265806
RADCLIFF,RADCLIFF,KY,Hardin,1962,True,0.0,True,59,37.8364,-85.94687
UNION LAKE,UNION LAKE,MI,Oakland,1961,True,0.0,True,60,42.6158,-83.43484
NEW STUYAHOK,NEW STUYAHOK,AK,,1961,True,0.0,True,60,59.45088,-157.3171
FOSTER,FOSTER (2),RI,Providence,1961,True,0.0,True,60,41.7843543,-71.7170174
SHILOH,SHILOH,TN,Hardin,1961,True,0.0,True,60,35.11313,-88.3599336
PERRY HALL,PERRY HALL (2),MD,Baltimore,1961,True,0.0,True,60,39.3938,-76.48765
LITTLE NORWAY,LITTLE NORWAY,CA,El Dorado,1961,True,0.0,True,60,38.82352,-120.0427
DE TOUR VILLAGE,DE TOUR VILLAGE,MI,Chippewa,1961,True,0.0,True,60,45.99295,-83.90158
HAZEL PATCH,HAZEL PATCH (2),KY,Laurel,1961,True,1.0,True,13,37.23336,-84.19627
LEHIGH ACRES,LEHIGH ACRES,FL,Lee,1961,True,0.0,True,60,26.6042834,-81.6520583
OAK CREEK,OAK CREEK (2),WI,Milwaukee,1961,True,0.0,True,60,42.88353,-87.90941
SHAFTSBURY,SHAFTSBURY (3),VT,Bennington,1961,True,0.0,True,60,42.9469098,-73.2120348
MANAKIN-SABOT,MANAKIN-SABOT,VA,Goochland,1961,True,0.0,True,60,37.6132,-77.74694
PLEASANT LAKE,PLEASANT LAKE,MI,Jackson,1961,True,0.0,True,60,42.37893,-84.32556
LAKE OSWEGO,LAKE OSWEGO,OR,Clackamas,1961,True,0.0,True,60,45.4213,-122.6672
LEVITTOWN,LEVITTOWN,NJ,Burlington,1961,True,1.0,True,3,40.0278894,-74.8690542
CONIFER,CONIFER,CO,Jefferson,1961,True,0.0,True,60,39.5438,-105.2954
CHEFORNAK,CHEFORNAK,AK,,1961,True,0.0,True,60,60.15793,-164.2803
WHITETHORN,WHITETHORN,CA,Humboldt,1961,True,0.0,True,60,40.05831,-123.9701
SCALY MOUNTAIN,SCALY MOUNTAIN,NC,Macon,1961,True,0.0,True,60,35.02172,-83.30416
EAGLE RIVER,EAGLE RIVER,AK,,1961,True,0.0,True,60,61.32441,-149.5756
TEEC NOS POS,TEEC NOS POS,AZ,Apache,1961,True,0.0,True,60,36.9217,-109.0854
EMMONAK,EMMONAK,AK,,1961,True,0.0,True,60,62.77626,-164.527
SOMERSET,SOMERSET (2),NJ,Somerset,1961,True,0.0,True,60,40.4968599,-74.523558
COLORADO CITY,COLORADO CITY,AZ,Mohave,1961,True,0.0,True,60,36.98901,-112.9744
MAINEVILLE,MAINEVILLE (2),OH,Warren,1961,True,0.0,True,60,39.31997,-84.22005
GLENNALLEN,GLENNALLEN,AK,,1961,True,0.0,True,60,62.10959,-145.5297
PORTAGE,PORTAGE,IN,Porter,1961,True,0.0,True,60,41.57337,-87.18194
BROOKSVILLE,BROOKSVILLE (2),ME,Hancock,1961,True,0.0,True,60,44.3538649,-68.7505801
MANOKOTAK,MANOKOTAK,AK,,1960,True,0.0,True,61,58.97959,-159.0567
PEMBROKE PINES,PEMBROKE PINES,FL,Broward,1960,True,0.0,True,61,26.0061653,-80.3598833
KEY COLONY BEACH,KEY COLONY BEACH,FL,Monroe,1960,True,0.0,True,61,24.7216648,-81.0184122
WHITE CITY,WHITE CITY,OR,Jackson,1960,True,1.0,True,3,42.42672,-122.8516
MARY D,MARY D,PA,Schuylkill,1960,True,0.0,True,61,40.7598665,-76.0550861
SUNLAND PARK,SUNLAND PARK,NM,Dona Ana,1960,True,0.0,True,61,31.80705,-106.5586
BOYLSTON,BOYLSTON (2),MA,Worcester,1960,True,0.0,True,61,42.3346967,-71.7392341
SCOTT CITY,SCOTT CITY,MO,Scott,1960,True,0.0,True,61,37.2150619,-89.5074099
TUNTUTULIAK,TUNTUTULIAK,AK,,1960,True,2.0,True,6,60.34233,-162.667
OCHLOCKNEE,OCHLOCKNEE,GA,Thomas,1960,True,0.0,True,61,30.9742822,-84.055781
FOREST FALLS,FOREST FALLS,CA,San Bernardino,1960,True,0.0,True,61,34.0884,-116.9205
JACKSON,JACKSON,NJ,Ocean,1960,True,0.0,True,61,40.1297374,-74.273848
SANTO DOMINGO PUEBLO,SANTO DOMINGO PUEBLO,NM,Sandoval,1960,True,0.0,True,61,35.51576,-106.3577
LA PUSH,LA PUSH,WA,Clallam,1960,True,0.0,True,61,47.90385,-124.6301
SIMPSON,SIMPSON,NC,Pitt,1960,True,0.0,True,61,35.5734,-77.27644
SOUTH POINT,SOUTH POINT (2),OH,Lawrence,1960,True,0.0,True,61,38.42531,-82.57713
SOUTH GRAFTON,SOUTH GRAFTON,MA,Worcester,1960,True,0.0,True,61,42.1767114,-71.6940832
HIGGINS LAKE,HIGGINS LAKE,MI,Roscommon,1960,True,0.0,True,61,44.46171,-84.75237
PORT SAINT LUCIE,PORT SAINT LUCIE,FL,St Lucie,1960,True,0.0,True,61,27.3173269,-80.4083102
ROARING BRANCH,ROARING BRANCH,PA,Tioga,1960,True,0.0,True,61,41.5630854,-76.9549042
HARSENS ISLAND,HARSENS ISLAND,MI,Saint Clair,1960,True,0.0,True,61,42.58352,-82.56312
ISLE ROYALE NATIONAL PARK,ISLE ROYALE NATIONAL PARK,MI,Keweenaw,1959,True,2.0,True,8,47.94766,-88.76202
DUPONT,DUPONT,LA,Avoyelles,1959,True,0.0,True,62,30.9293557,-91.9478969
SOUTHFIELD,SOUTHFIELD,MI,Oakland,1959,True,0.0,True,62,42.48762,-83.2632
BRICK TOWN,BRICK TOWN,NJ,Ocean,1959,True,1.0,True,19,40.0687271,-74.1304176
TOGIAK,TOGIAK,AK,,1959,True,0.0,True,62,59.05844,-160.3813
UNIVERSITY PARK,UNIVERSITY PARK,NM,Dona Ana,1959,True,1.0,True,7,32.28343,-106.7533
UNION CITY,UNION CITY,CA,Alameda,1959,True,0.0,True,62,37.59319,-122.041
PORT SALERNO,PORT SALERNO,FL,Martin,1959,True,0.0,True,62,27.1466855,-80.1981137
INDIANOLA,INDIANOLA,WA,Kitsap,1959,True,0.0,True,62,47.74773,-122.5255
KEARNEY,KEARNEY,AZ,Pinal,1959,True,0.0,True,62,33.06009,-110.9064
FOREST HILLS,FOREST HILLS,KY,Pike,1959,True,0.0,True,62,37.64064,-82.28779
NORTH VERSAILLES,NORTH VERSAILLES,PA,Allegheny,1959,True,0.0,True,62,40.3844906,-79.8232313
EAST LAS VEGAS,EAST LAS VEGAS,NV,Clark,1959,True,1.0,True,8,36.09938,-115.0724
TRIMONT,TRIMONT,MN,Martin,1959,True,0.0,True,62,43.76226,-94.71451
PACIFICA,PACIFICA,CA,San Mateo,1959,True,0.0,True,62,37.6492,-122.4926
NAVAJO DAM,NAVAJO DAM,NM,San Juan,1959,True,0.0,True,62,36.8048,-107.6972
DESMONT,DESMONT,CA,San Bernardino,1959,True,1.0,True,3,34.43846,-117.6423
EAST BRUNSWICK,EAST BRUNSWICK,NJ,Middlesex,1959,True,0.0,True,62,40.4069399,-74.4211715
WEARE,WEARE,NH,Hillsboro,1959,True,0.0,True,62,43.0891487,-71.7302242
SAUTEE-NACOOCHEE,SAUTEE-NACOOCHEE,GA,White,1959,True,0.0,True,62,34.6895403,-83.6859701
FORT CAMPBELL,FORT CAMPBELL,KY,Christian,1959,True,0.0,True,62,36.64105,-87.44852
MONTEZUMA CREEK,MONTEZUMA CREEK,UT,San Juan,1959,True,0.0,True,62,37.26052,-109.3074
ARCTIC VILLAGE,ARCTIC VILLAGE,AK,,1959,True,0.0,True,62,68.12694,-145.5378
PACIFIC HOUSE,PACIFIC HOUSE,CA,El Dorado,1958,True,0.0,True,63,38.76018,-120.5071
PINE MOUNTAIN,PINE MOUNTAIN,GA,Harris,1958,True,0.0,True,63,32.8669635,-84.8539953
PICO RIVERA,PICO RIVERA,CA,Los Angeles,1958,True,0.0,True,63,33.98533,-118.0855
WEST ISLIP,WEST ISLIP,NY,Suffolk,1958,True,0.0,True,63,40.7087467,-73.2972548
BRANCH,BRANCH,MI,Lake,1958,True,1.0,True,4,43.9464639,-86.038523
HAZELWOOD,HAZELWOOD,MO,St. Louis,1958,True,0.0,True,63,38.7729303,-90.363881
LEVITTOWN,LEVITTOWN,PA,Bucks,1958,True,0.0,True,63,40.1548266,-74.8541853
PORT CHARLOTTE,PORT CHARLOTTE,FL,Charlotte,1958,True,0.0,True,63,26.975515,-82.0883396
WEST COVINA,WEST COVINA,CA,Los Angeles,1958,True,0.0,True,63,34.06885,-117.9288
ANDERSON ISLAND,ANDERSON ISLAND,WA,Pierce,1958,True,1.0,True,9,47.16519,-122.6999
TOK,TOK,AK,,1958,True,0.0,True,63,63.33556,-142.9904
LONGBOAT KEY,LONGBOAT KEY,FL,Manatee,1958,True,0.0,True,63,27.4125417,-82.6589881
DUTCH JOHN,DUTCH JOHN,UT,Daggett,1958,True,0.0,True,63,40.93133,-109.4012
EGLIN AIR FORCE BASE,EGLIN AIR FORCE BASE,FL,Okaloosa,1958,True,0.0,True,63,30.5711454,-86.544766
SOUTH SHORE,SOUTH SHORE (2),KY,Greenup,1958,True,0.0,True,63,38.72053,-82.95581
RUIDOSO DOWNS,RUIDOSO DOWNS,NM,Lincoln,1958,True,0.0,True,63,33.33068,-105.5905
LATHROP WELLS,LATHROP WELLS,NV,Nye,1958,True,1.0,True,24,36.64384,-116.4003
TAYLOR,TAYLOR,MI,Wayne,1958,True,0.0,True,63,42.22522,-83.2766
REKLAW,REKLAW,TX,Rusk,1958,True,0.0,True,63,31.86267,-94.98772
WILLISTON PARK,WILLISTON PARK,NY,Nassau,1958,True,0.0,True,63,40.7556384,-73.644454
GLENDORA,GLENDORA,NJ,Camden,1957,True,0.0,True,64,39.8389507,-75.0674269
DELTA JUNCTION,DELTA JUNCTION,AK,,1957,True,0.0,True,64,64.04307,-145.7348
HULL,HULL (2),MA,Plymouth,1957,True,0.0,True,64,42.3042658,-70.9111578
LYNNFIELD,LYNNFIELD (2),MA,Essex,1957,True,0.0,True,64,42.5156509,-71.0039403
SUDBURY,SUDBURY (2),MA,Middlesex,1957,True,0.0,True,64,42.3619293,-71.4217443
INDIAN LAKE ESTATES,INDIAN LAKE ESTATES,FL,Polk,1957,True,0.0,True,64,27.8139151,-81.3784053
GLADSTONE,GLADSTONE,MO,Clay,1957,True,1.0,True,2,39.2241828,-94.5859377
LAKE ISABELLA,LAKE ISABELLA,CA,Kern,1957,True,0.0,True,64,35.63008,-118.4738
SASSAFRAS,SASSAFRAS,IN,Perry,1957,True,1.0,True,2,38.18839,-86.69027
ALLEN PARK,ALLEN PARK,MI,Wayne,1957,True,0.0,True,64,42.2578008,-83.2138705
OCOTILLO,OCOTILLO,CA,Imperial,1957,True,0.0,True,64,32.73706,-115.9945
WARREN,WARREN (2),MI,Macomb,1957,True,0.0,True,64,42.50198,-83.04769
KAILUA KONA,KAILUA KONA,HI,HAWAII,1957,True,0.0,True,64,19.64541,-155.9936
COOKE CITY,COOKE CITY,MT,Park,1957,True,0.0,True,64,45.01984,-109.9321
LUTHERVILLE-TIMONIUM,LUTHERVILLE-TIMONIUM,MD,Baltimore,1957,True,0.0,True,64,39.43997,-76.61099
NECK CITY,NECK CITY,MO,Jasper,1957,True,0.0,True,64,37.2554833,-94.4444158
WAGARVILLE,WAGARVILLE,AL,Washington,1957,True,0.0,True,64,31.4425785,-88.0304327
GREEN VALLEY,GREEN VALLEY,WI,Shawano,1957,True,0.0,True,64,44.79555,-88.27038
RED DEVIL,RED DEVIL,AK,,1957,True,0.0,True,64,61.7755,-157.3334
MANLEY HOT SPRINGS,MANLEY HOT SPRINGS,AK,,1957,True,0.0,True,64,64.99862,-150.6369
KONA,KONA,HI,HAWAII,1957,True,2.0,True,0,19.66667,-155.8333
CASSELBERRY,CASSELBERRY,FL,Seminole,1957,True,0.0,True,64,28.6637855,-81.3418798
PAGE,PAGE,AZ,Coconino,1957,True,0.0,True,64,36.91585,-111.4617
NORTH KINGSTOWN,NORTH KINGSTOWN,RI,Washington,1957,True,0.0,True,64,41.5885344,-71.4594262
HOGATZA,HOGATZA,AK,,1957,True,1.0,True,9,66.18972,-155.7172
FRY CANYON,FRY CANYON,UT,San Juan,1957,True,1.0,True,16,37.6311,-110.1562
BETHEL PARK,BETHEL PARK,PA,Allegheny,1957,True,0.0,True,64,40.3274838,-80.033917
YOUNGTOWN,YOUNGTOWN,AZ,Maricopa,1957,False,0.0,True,64,33.59269,-112.3001
CUCHARA,CUCHARA,CO,Huerfano,1957,True,2.0,True,2,37.37918,-105.1003
LA PUENTE,LA PUENTE,CA,Los Angeles,1956,True,0.0,True,65,34.03624,-117.9521
SANDISFIELD,SANDISFIELD (2),MA,Berkshire,1956,True,0.0,True,65,42.1051115,-73.1050135
SAINT BONIFACE,SAINT BONIFACE,PA,Cambria,1956,True,0.0,True,65,40.6667334,-78.680858
JEFFREY,JEFFREY,WV,Boone,1956,True,0.0,True,65,37.97164,-81.82278
JAFFREY,JAFFREY (3),NH,Cheshire,1956,True,0.0,True,65,42.8132185,-72.0199141
HOLLOMAN AIR FORCE BASE,HOLLOMAN AIR FORCE BASE,NM,Otero,1956,True,0.0,True,65,32.84234,-106.0784
FREMONT,FREMONT,CA,Alameda,1956,True,0.0,True,65,37.55587,-122.0137
BELVEDERE-TIBURON,BELVEDERE-TIBURON,CA,Marin,1956,True,0.0,True,65,37.87445,-122.4593
HIGH ROLLS-MOUNTAIN PARK,HIGH ROLLS-MOUNTAIN PARK,NM,Otero,1956,True,0.0,True,65,32.94426,-105.8314
LANARK VILLAGE,LANARK VILLAGE,FL,Franklin,1956,True,0.0,True,65,29.8835413,-84.5957359
MEXICO BEACH,MEXICO BEACH,FL,Bay,1956,True,0.0,True,65,29.9405934,-85.3928367
TIERRA DEL SOL,TIERRA DEL SOL,CA,San Diego,1956,True,1.0,True,8,32.62228,-116.3225
FORT BRANCH,FORT BRANCH,IN,Gibson,1956,True,0.0,True,65,38.24806,-87.57759
HOLMES BEACH,HOLMES BEACH,FL,Manatee,1956,True,0.0,True,65,27.5055217,-82.7154233
PRESQUE ISLE,PRESQUE ISLE,WI,Vilas,1956,True,0.0,True,65,46.24789,-89.72839
JAFFREY CENTER,JAFFREY CENTER (2),NH,Cheshire,1956,True,1.0,True,10,42.8278615,-72.0550811
HAMILTON AIR FORCE BASE,HAMILTON AIR FORCE BASE,CA,Marin,1956,True,1.0,True,24,38.05667,-122.5133
STANVILLE,STANVILLE,KY,Floyd,1956,True,0.0,True,65,37.56522,-82.6424
SIERRA VISTA,SIERRA VISTA,AZ,Cochise,1956,True,0.0,True,65,31.55394,-110.2746
MI-WUK VILLAGE,MI-WUK VILLAGE,CA,Tuolumne,1956,True,0.0,True,65,38.06576,-120.1849
FAIRCHILD AIR FORCE BASE,FAIRCHILD AIR FORCE BASE,WA,Spokane,1956,True,0.0,True,65,47.62876,-117.6549
RHEEM,RHEEM,CA,Contra Costa,1956,True,1.0,True,7,37.83493,-122.1297
TROUTMAN,TROUTMAN,NC,Iredell,1956,True,0.0,True,65,35.6997,-80.88825
HOUGHTON LAKE HEIGHTS,HOUGHTON LAKE HEIGHTS,MI,Roscommon,1956,True,0.0,True,65,44.32779,-84.77237
WINDHAM,WINDHAM (2),NH,Rockingham,1956,True,0.0,True,65,42.8053746,-71.292943
LATHROP VILLAGE,LATHROP VILLAGE,MI,Oakland,1956,True,1.0,True,8,42.49667,-83.2225
ATKINSON,ATKINSON (2),NH,Rockingham,1956,True,0.0,True,65,42.8195942,-71.1180494
POINT PLEASANT BEACH,POINT PLEASANT BEACH,NJ,Ocean,1956,True,0.0,True,65,40.0916819,-74.0472398
WING,WING,AL,Covington,1955,True,0.0,True,66,31.0290095,-86.6100801
FORT MYERS BEACH,FORT MYERS BEACH,FL,Lee,1955,True,0.0,True,66,26.4524917,-81.9492299
BLACK CANYON,BLACK CANYON,AZ,Yavapai,1955,True,1.0,True,10,34.07087,-112.1507
SAINT MARYS,SAINT MARYS,AK,,1955,True,0.0,True,66,62.04787,-163.1932
FAIRDAIE,FAIRDAIE,KY,Jefferson,1955,True,0.0,True,66,38.10417,-85.75726
MARATHON SHORES,MARATHON SHORES,FL,Monroe,1955,True,0.0,True,66,24.7304471,-81.0339329
NEW JOHNSONVILLE,NEW JOHNSONVILLE,TN,Humphreys,1955,True,0.0,True,66,36.0199327,-87.9674589
HIAWATHA,HIAWATHA,IA,Linn,1955,True,0.0,True,66,42.03745,-91.67089
EDISON,EDISON,NJ,Middlesex,1955,True,0.0,True,66,40.5269121,-74.3872436
MANDAREE,MANDAREE,ND,McKenzie,1955,True,0.0,True,66,47.72874,-102.6731
KAKTOVIK,KAKTOVIK,AK,,1955,True,0.0,True,66,70.12745,-143.614
KEARNY,KEARNY,NJ,Hudson,1955,True,0.0,True,66,40.7711937,-74.1466205
PIPPA PASSES,PIPPA PASSES,KY,Knott,1955,True,0.0,True,66,37.3305,-82.88141
BEARTOWN,BEARTOWN,WV,McDowell,1955,True,1.0,True,11,37.386223,-81.8115036
BOSSIER CITY,BOSSIER CITY (2),LA,Bossier,1955,True,0.0,True,66,32.5172752,-93.7161263
DAVIS PARK,DAVIS PARK,NY,Suffolk,1955,True,1.0,True,12,40.683988,-73.004831
AVILA BEACH,AVILA BEACH,CA,San Luis Obispo,1955,True,0.0,True,66,35.18064,-120.7333
PRAIRIE CITY,PRAIRIE CITY,SD,Perkins,1955,True,0.0,True,66,45.52971,-102.8043
SANTA ROSA BEACH,SANTA ROSA BEACH,FL,Walton,1955,True,0.0,True,66,30.374936,-86.2436931
FENWICK ISLAND,FENWICK ISLAND,DE,Sussex,1955,True,0.0,True,66,38.46233,-75.05129
WEST POINT,WEST POINT (2),OH,Columbiana,1955,True,0.0,True,66,40.70839,-80.70258
HOYT LAKES,HOYT LAKES,MN,Saint Louis,1955,True,0.0,True,66,47.52042,-92.14375
RANCHO CORDOVA,RANCHO CORDOVA,CA,Sacramento,1955,True,0.0,True,66,38.59919,-121.2808
POINT COMFORT,POINT COMFORT,TX,Calhoun,1955,True,0.0,True,66,28.67673,-96.5559
MOUNTLAKE TERRACE,MOUNTLAKE TERRACE,WA,Snohomish,1955,True,0.0,True,66,47.78785,-122.3103
HONOKOHUA,HONOKOHUA,HI,MAUI,1955,True,1.0,True,2,21.00306,-156.6578
LAKE CITY,LAKE CITY,PA,Erie,1954,True,0.0,True,67,42.0138889,-80.3447222
COLD BAY,COLD BAY,AK,,1954,True,0.0,True,67,55.20223,-162.7168
COLLEYVILLE,COLLEYVILLE,TX,Tarrant,1954,True,0.0,True,67,32.89183,-97.14482
SAN MANUEL,SAN MANUEL,AZ,Pinal,1954,True,0.0,True,67,32.60243,-110.6316
HORN,HORN,AZ,Yuma,1954,True,2.0,True,6,32.94477,-113.5032
LINCOLN PARK,LINCOLN PARK,MI,Wayne,1954,True,0.0,True,67,42.25348,-83.17292
JIM THORPE,JIM THORPE,PA,Carbon,1954,True,0.0,True,67,40.8642699,-75.7369547
STONY WOLD,STONY WOLD,NY,Franklin,1954,True,2.0,True,3,44.5250505,-74.1173742
SAINT ANN,SAINT ANN,MO,St. Louis,1954,True,0.0,True,67,38.7318158,-90.3823558
ALLENDALE,ALLENDALE,MI,Ottawa,1954,True,0.0,True,67,42.9710154,-85.9435066
SAWBILL LANDING,SAWBILL LANDING,MN,Lake,1954,True,1.0,True,9,47.71528,-91.26778
SILVER BAY,SILVER BAY,MN,Lake,1954,True,0.0,True,67,47.29359,-91.27179
STERLING,STERLING,AK,,1954,True,0.0,True,67,60.53345,-150.7403
ROGERS,ROGERS,CT,Windham,1954,True,0.0,True,67,41.8423338,-71.9103614
LIVONIA,LIVONIA (2),MI,Wayne,1954,True,0.0,True,67,42.37077,-83.35137
WARD COVE,WARD COVE,AK,,1954,True,0.0,True,67,55.41039,-131.7221
CRAIG SPRINGS,CRAIG SPRINGS,VA,Craig,1954,True,1.0,True,15,37.48485,-80.292
SILVER SPRINGS,SILVER SPRINGS,NV,Lyon,1954,True,0.0,True,67,39.41493,-119.2238
PORT CANAVERAL,PORT CANAVERAL,FL,Brevard,1954,True,1.0,True,8,28.4058366,-80.6047732
RAINSVILLE,RAINSVILLE,AL,De Kalb,1954,True,0.0,True,67,34.4995035,-85.8528523
PARK FOREST,PARK FOREST,IL,Cook,1954,True,0.0,True,67,41.4808,-87.67864
WHITE PINE,WHITE PINE,MI,Ontonagon,1954,True,0.0,True,67,46.75095,-89.57496
CHESTER GAP,CHESTER GAP,VA,Rappahannock,1954,True,0.0,True,67,38.85345,-78.135
DRESDEN,DRESDEN (2),ME,Lincoln,1954,True,1.0,True,14,44.106738,-69.7243267
VOLCANO,VOLCANO,HI,HAWAII,1953,True,0.0,True,68,19.42812,-155.2362
BELL MOUNTAIN,BELL MOUNTAIN,CA,San Bernardino,1953,True,3.0,True,3,34.62416,-117.207
WAIKAUPU,WAIKAUPU,HI,MAUI,1953,True,2.0,True,4,20.85761,-156.505
COVENTRY,COVENTRY (2),CT,Tolland,1953,True,0.0,True,68,41.7984318,-72.3717488
REDWAY,REDWAY,CA,Humboldt,1953,True,0.0,True,68,40.1199,-123.8235
MARVEL,MARVEL,CO,La Plata,1953,True,0.0,True,68,37.11155,-108.1284
NEWRY,NEWRY (2),ME,Oxford,1953,True,0.0,True,68,44.4703319,-70.8320914
PROVIDENCE,PROVIDENCE,NC,Caswell,1953,True,0.0,True,68,36.50189,-79.37178
SUNSPOT,SUNSPOT,NM,Otero,1953,True,0.0,True,68,32.78981,-105.8208
WEST VIRGINIA,WEST VIRGINIA,MN,Saint Louis,1953,True,1.0,True,7,47.51556,-92.57
WEED HEIGHTS,WEED HEIGHTS,NV,Lyon,1953,True,1.0,True,29,38.98714,-119.209
ALTAMONT,ALTAMONT,UT,Duchesne,1953,True,0.0,True,68,40.35903,-110.2853
RATLIFF CITY,RATLIFF CITY,OK,Carter,1953,True,0.0,True,68,34.44799,-97.5161
FORT WALTON BEACH,FORT WALTON BEACH,FL,Okaloosa,1953,True,0.0,True,68,30.4165344,-86.61157
WOFFORD HEIGHTS,WOFFORD HEIGHTS,CA,Kern,1953,True,0.0,True,68,35.7069,-118.4562
SILVER BELL,SILVER BELL,AZ,Pima,1953,True,1.0,True,31,32.38451,-111.5021
PARKWOOD,PARKWOOD,NC,Moore,1953,True,1.0,True,6,35.42876,-79.49308
AVON,AVON,MS,Washington,1953,True,0.0,True,68,33.2319729,-91.046599
BAKER,BAKER,OK,Texas,1953,True,0.0,True,68,36.86947,-101.0179
SUNBRIGHT,SUNBRIGHT,VA,Scott,1953,True,2.0,True,4,36.7301,-82.76127
CAPE MEARES,CAPE MEARES,OR,Tillamook,1953,True,3.0,True,1,45.48982,-123.9587
ROAD FORKS,ROAD FORKS,NM,Hidalgo,1953,True,3.0,True,2,32.2398,-108.9528
NEW TOWN,NEW TOWN,ND,Mountrail,1953,True,0.0,True,68,47.97968,-102.4852
TEMPIUTE,TEMPIUTE,NV,Lincoln,1953,True,3.0,True,4,37.65245,-115.6359
GONZALES RANCH,GONZALES RANCH,NM,San Miguel,1953,True,0.0,True,68,35.24588,-105.4939
POUND RIDGE,POUND RIDGE,NY,Westchester,1953,True,0.0,True,68,41.1900056,-73.5499717
NEWTOWN,NEWTOWN,ND,Mountrail,1953,True,1.0,True,0,47.97968,-102.4852
LOCKHART,LOCKHART,CA,San Bernardino,1953,True,2.0,True,4,35.0147,-117.3309
NEW CUYAMA,NEW CUYAMA,CA,Santa Barbara,1953,True,0.0,True,68,34.94732,-119.6883
CEDAR ISLAND,CEDAR ISLAND,NC,Carteret,1953,True,0.0,True,68,35.01659,-76.31679
DE TOUR,DE TOUR,MI,Chippewa,1953,True,1.0,True,8,45.99295,-83.90158
LYTLE CREEK,LYTLE CREEK,CA,San Bernardino,1953,True,0.0,True,68,34.2461,-117.4954
DRUMMOND ISLAND,DRUMMOND ISLAND,MI,Chippewa,1953,True,0.0,True,68,46.02032,-83.74373
HOMETOWN,HOMETOWN,WV,Putnam,1952,True,0.0,True,69,38.5335,-81.8592
ELKHORN CITY,ELKHORN CITY,KY,Pike,1952,True,0.0,True,69,37.30307,-82.3517
PALISADES,PALISADES,ID,Bonneville,1952,True,0.0,True,69,43.35186,-111.2177
SAWMILL,SAWMILL,AZ,Apache,1952,True,1.0,True,12,35.90057,-109.1654
KOKHANOK BAY,KOKHANOK BAY,AK,,1952,True,3.0,True,7,59.49833,-154.5711
NORTH SIOUX CITY,NORTH SIOUX CITY,SD,Union,1952,True,0.0,True,69,42.52882,-96.49648
PORT ASHTON,PORT ASHTON,AK,,1952,True,1.0,True,22,60.0575,-148.0522
DARCO,DARCO,TX,Harrison,1952,True,1.0,True,1,32.40904,-94.43576
HOLLYWOOD,HOLLYWOOD,LA,West Feliciana,1952,True,1.0,True,16,30.9504559,-91.4092805
EAST SAINT JOHNSBURY,EAST SAINT JOHNSBURY,VT,Caledonia,1952,True,0.0,True,69,44.43779,-71.946912
IVANOF BAY,IVANOF BAY,AK,,1952,True,4.0,True,2,55.9,-159.4833
TOKETEE FALLS,TOKETEE FALLS,OR,Douglas,1952,True,2.0,True,3,43.27568,-122.4509
TWIN CITY,TWIN CITY,GA,Emanuel,1952,True,0.0,True,69,32.5869507,-82.1584175
PORT MOLLER,PORT MOLLER,AK,,1952,True,2.0,True,3,55.98861,-160.5769
WHITE CANYON,WHITE CANYON,UT,San Juan,1952,True,1.0,True,14,37.80999,-110.4321
CARMEL VALLEY,CARMEL VALLEY,CA,Monterey,1952,True,0.0,True,69,36.47967,-121.7276
SHELDON POINT,SHELDON POINT,AK,,1952,True,1.0,True,19,62.53361,-164.8411
SAINT GERMAIN,SAINT GERMAIN,WI,Vilas,1952,True,0.0,True,69,45.91032,-89.48904
HAMILTON,HAMILTON,PA,Jefferson,1952,True,0.0,True,69,40.9239383,-79.0814941
HARRELLS,HARRELLS,NC,Sampson,1952,True,0.0,True,69,34.72567,-78.19455
ACME,ACME,MI,Grand Traverse,1952,True,0.0,True,69,44.7646438,-85.5061286
PINON,PINON,AZ,Navajo,1952,True,0.0,True,69,36.10103,-110.2228
PEAKS,PEAKS,VA,Hanover,1952,True,1.0,True,7,37.7232,-77.38887
KAAAWA,KAAAWA,HI,OAHU,1952,True,0.0,True,69,21.55563,-157.8528
BRUNO,BRUNO,WV,Logan,1952,True,0.0,True,69,37.6915114,-81.8691064
BEARVILLE,BEARVILLE,KY,Knott,1952,True,1.0,True,32,37.3686359,-83.0674697
SPRABERRY,SPRABERRY,TX,Midland,1952,True,1.0,True,1,31.92318,-101.8257
LIBERTY FARMS,LIBERTY FARMS,CA,Solano,1952,True,1.0,True,31,38.31297,-121.6944
DOT LAKE,DOT LAKE,AK,,1952,True,4.0,True,2,63.6606,-144.0662
SAN MIGUEL,SAN MIGUEL,NM,Dona Ana,1952,True,0.0,True,69,32.15334,-106.7331
NIGHTMUTE,NIGHTMUTE,AK,,1952,True,1.0,True,12,60.47944,-164.7239
LEVITTOWN,LEVITTOWN,NY,Nassau,1952,True,0.0,True,69,40.7213494,-73.5160392
MEADOW VISTA,MEADOW VISTA,CA,Placer,1952,True,0.0,True,69,38.99847,-121.0222
JARVIS,JARVIS,KY,Knox,1952,True,1.0,True,11,36.95586,-83.89163
CONDON,CONDON,MT,Missoula,1952,True,0.0,True,69,47.56973,-113.7488
FAIRVIEW,FAIRVIEW,NM,Rio Arriba,1952,True,1.0,True,11,36.00975,-106.0478
BOYS' RANCH,BOYS' RANCH,TX,Oldham,1952,True,0.0,True,69,35.53144,-102.2541
MIDKIFF,MIDKIFF,TX,Upton,1952,True,0.0,True,69,31.63233,-101.8409
SHIRLEY,SHIRLEY,NY,Suffolk,1952,True,0.0,True,69,40.800183,-72.8678922
MATHENY,MATHENY,WV,Wyoming,1952,True,0.0,True,69,37.66479,-81.59972
LLOYD,LLOYD,KY,Greenup,1952,True,0.0,True,69,38.62008,-82.86461
FERNANDINA BEACH,FERNANDINA BEACH,FL,Nassau,1952,True,0.0,True,69,30.6404357,-81.4499356
ESTCOURT STATION,ESTCOURT STATION,ME,Aroostook,1952,True,0.0,True,69,47.4594824,-69.2247851
DOCENA,DOCENA,AL,Jefferson,1952,True,0.0,True,69,33.5590164,-86.9299118
MERCURY,MERCURY,NV,Nye,1952,True,0.0,True,69,36.66162,-115.9953
HUSLIA,HUSLIA,AK,,1952,True,0.0,True,69,65.70102,-156.3916
CHURCH ROCK,CHURCH ROCK,NM,McKinley,1952,True,0.0,True,69,35.5417,-108.6084
LINCH,LINCH,WY,Johnson,1951,True,0.0,True,70,43.60665,-106.1977
PORTER,PORTER,TX,Montgomery,1951,True,0.0,True,70,30.10609,-95.24625
WILLIAMSBURG,WILLIAMSBURG,NM,Sierra,1951,True,0.0,True,70,33.11525,-107.2934
LANFORD,LANFORD,SC,Laurens,1951,True,1.0,True,12,34.6334592,-81.974819
BROAD PASS,BROAD PASS,AK,,1951,True,3.0,True,3,63.23333,-149.2667
LOST SPRINGS,LOST SPRINGS,WY,Converse,1951,True,0.0,True,70,42.76493,-104.9261
EDWARDS,EDWARDS,CA,Kern,1951,True,0.0,True,70,34.92589,-117.9378
HIGHLAND LAKES,HIGHLAND LAKES,NJ,Sussex,1951,True,0.0,True,70,41.1838181,-74.4592422
COUNTYLINE,COUNTYLINE,OK,Stephens,1951,True,0.0,True,70,34.44901,-97.56417
TRUTH OR CONSEQUENCES,TRUTH OR CONSEQUENCES,NM,Sierra,1951,True,0.0,True,70,33.1284,-107.2528
GREEN RIVER,GREEN RIVER,UT,Emery,1951,True,0.0,True,70,38.99518,-110.1614
WARDS COVE,WARDS COVE,AK,,1951,True,3.0,True,3,55.41194,-131.7228
LOST RIVER,LOST RIVER,AK,,1951,True,3.0,True,4,59.46336,-139.6211
NEW PHILADELPHIA,NEW PHILADELPHIA,PA,Schuylkill,1951,True,0.0,True,70,40.7184954,-76.1167419
KIT CARSON,KIT CARSON,CA,Amador,1951,True,1.0,True,16,38.67074,-120.1135
OGONTZ CENTER,OGONTZ CENTER,PA,Montgomery,1951,True,1.0,True,7,40.1117769,-75.1090622
ANAKTUVUK PASS,ANAKTUVUK PASS,AK,,1951,True,0.0,True,70,68.14071,-151.734
FAIRLESS HILLS,FAIRLESS HILLS,PA,Bucks,1951,True,0.0,True,70,40.1721225,-74.8500883
DENIO,DENIO,NV,Humboldt,1951,True,0.0,True,70,41.98789,-118.6363
COLLINS PARK,COLLINS PARK,NM,Catron,1951,True,2.0,True,4,33.64228,-108.4703
WHITE OAK,WHITE OAK,TX,Gregg,1951,True,0.0,True,70,32.51878,-94.8616
SCAMMON BAY,SCAMMON BAY,AK,,1951,True,0.0,True,70,61.84243,-165.5799
ECHO,ECHO,UT,Summit,1951,True,0.0,True,70,40.9783,-111.4436
COBALT,COBALT,ID,Lemhi,1951,True,1.0,True,70,44.99964,-114.3356
HOLDEN BEACH,HOLDEN BEACH,NC,Brunswick,1951,True,1.0,True,4,33.91323,-78.30389
GORE SPRINGS,GORE SPRINGS,MS,Grenada,1951,True,0.0,True,70,33.7569399,-89.6151671
FAIRCHILD,FAIRCHILD,WA,Spokane,1951,True,1.0,True,5,47.63405,-117.6686
WAIHEE,WAIHEE (2),HI,MAUI,1951,True,2.0,True,6,20.9309,-156.51
MT. BALDY,MT. BALDY,CA,San Bernardino,1951,False,0.0,True,70,34.23673,-117.6587
ANDREAFSKI,ANDREAFSKI,AK,,1951,True,2.0,True,3,62.05306,-163.1658
STRONG CITY,STRONG CITY,KS,Chase,1951,True,0.0,True,70,38.39496,-96.53935
VANDER WAGEN,VANDER WAGEN,NM,McKinley,1951,True,1.0,True,15,35.27392,-108.7548
KIPNUK,KIPNUK,AK,,1951,True,0.0,True,70,59.93466,-164.0386
LA PLANT,LA PLANT,SD,Dewey,1951,True,1.0,True,33,45.14471,-100.6515
MILTON-FREEWATER,MILTON-FREEWATER,OR,Umatilla,1951,True,0.0,True,70,45.93695,-118.3966
GOLDENROD,GOLDENROD,FL,Orange,1951,True,0.0,True,70,28.5947222,-81.3470132
DEVON,DEVON,WV,Mingo,1951,True,1.0,True,4,37.53733,-82.06263
GATEWAY,GATEWAY,FL,Broward,1951,True,1.0,True,1,26.1409099,-80.1209924
ROUGON,ROUGON,LA,Pointe Coupee,1951,True,0.0,True,70,30.609077,-91.3737218
EMPIRE,EMPIRE,NV,Washoe,1951,True,0.0,True,70,40.57574,-119.3421
CHESTNUT HILL,CHESTNUT HILL,VA,King George,1951,True,1.0,True,9,38.29929,-77.11081
RANCHO MIRAGE,RANCHO MIRAGE,CA,Riverside,1951,True,0.0,True,70,33.74094,-116.4102
NORTH HIGHLANDS,NORTH HIGHLANDS,CA,Sacramento,1951,True,0.0,True,70,38.68455,-121.3835
NAPAKIAK,NAPAKIAK,AK,,1951,False,0.0,True,70,60.69647,-161.9817
ALTA,ALTA,WV,Fayette,1951,True,1.0,True,24,38.2073289,-81.1773298
IMPERIAL,IMPERIAL,MO,Jefferson,1951,True,0.0,True,70,38.3674169,-90.3861251
LA MARQUE,LA MARQUE,TX,Galveston,1951,True,0.0,True,70,29.37417,-94.96908
EASTABUTCHIE,EASTABUTCHIE,MS,Jones,1951,True,0.0,True,70,31.4368461,-89.2851726
SUMMERLAND KEY,SUMMERLAND KEY,FL,Monroe,1951,False,0.0,True,70,24.6612056,-81.447094
KUALAPUU,KUALAPUU,HI,MOLOKAI,1951,True,0.0,True,70,21.15534,-157.0385
LA BOLT,LA BOLT,SD,Grant,1951,True,1.0,True,34,45.05045,-96.67577
SMITH,SMITH,SC,York,1951,True,1.0,True,2,34.9856872,-81.4678677
CHEVAK,CHEVAK,AK,,1951,True,0.0,True,70,61.52861,-165.5905
FRANKLIN LAKES,FRANKLIN LAKES,NJ,Bergen,1951,True,0.0,True,70,41.0219215,-74.2056873
WINSTONVILLE,WINSTONVILLE,MS,Bolivar,1951,True,0.0,True,70,33.9108361,-90.7499879
AYER,AYER,WA,Walla Walla,1951,True,2.0,True,9,46.59625,-118.3483
SALTERS,SALTERS,SC,Williamsburg,1951,True,0.0,True,70,33.5984983,-79.8514612
MAGNOLIA,MAGNOLIA,LA,East Feliciana,1951,True,1.0,True,3,30.7429609,-90.9953813
MC CONNELLS,MC CONNELLS,SC,York,1951,True,0.0,True,70,34.8687483,-81.2275817
THALE,THALE,MT,Meagher,1951,True,2.0,True,5,46.76135,-110.7405
GANES CREEK,GANES CREEK,AK,,1951,True,5.0,True,0,63.08972,-156.4306
RICHMOND HEIGHTS,RICHMOND HEIGHTS,FL,Dade,1951,True,1.0,True,7,25.6314936,-80.3689426
ALABASTER,ALABASTER,AL,Shelby,1951,True,0.0,True,70,33.2172637,-86.8242978
HONAUNAU,HONAUNAU,HI,HAWAII,1951,True,0.0,True,70,19.41727,-155.8804
EAGLE MOUNTAIN,EAGLE MOUNTAIN,CA,Riverside,1951,True,0.0,True,70,33.85751,-115.4872
PAUMA VALLEY,PAUMA VALLEY,CA,San Diego,1951,True,0.0,True,70,33.30384,-116.9782
MEADE RIVER,MEADE RIVER,AK,,1951,True,3.0,True,6,70.46917,-157.3994
KEARNS,KEARNS,UT,Salt Lake,1950,True,2.0,True,4,40.65116,-111.9864
IVY,IVY,VA,Albemarle,1950,True,0.0,True,71,38.0562,-78.59658
DAVIS DAM,DAVIS DAM,AZ,Mohave,1950,True,2.0,True,4,35.18,-114.5664
OGEMAW,OGEMAW,AR,Ouachita,1950,True,1.0,True,18,33.4626192,-93.0251653
KIMBALL,KIMBALL,KS,Neosho,1950,True,1.0,True,6,37.66116,-95.16359
CREWS,CREWS,AL,Lamar,1950,True,1.0,True,4,33.9131618,-88.0805871
BURGESS,BURGESS,VA,Northumberland,1950,True,0.0,True,71,37.8826177,-76.3456949
EAST GLACIER PARK,EAST GLACIER PARK,MT,Glacier,1950,True,0.0,True,71,48.44415,-113.2174
MEEHAN,MEEHAN,MS,Lauderdale,1950,True,1.0,True,8,32.3281996,-88.8664394
FAIRBORN,FAIRBORN,OH,Greene,1950,True,0.0,True,71,39.82791,-84.02259
IKATAN,IKATAN,AK,,1950,True,2.0,True,7,54.75,-163.3083
PUKALANI,PUKALANI,HI,MAUI,1950,True,1.0,True,11,20.8384,-156.3417
JEMEZ,JEMEZ,NM,Sandoval,1950,True,4.0,True,0,35.61392,-106.7259
MERRIMAC,MERRIMAC,WI,Sauk,1950,True,0.0,True,71,43.3735,-89.62377
JEMEZ PUEBLO,JEMEZ PUEBLO,NM,Sandoval,1950,True,0.0,True,71,35.60853,-106.7263
WARE,WARE,MT,Fergus,1950,True,2.0,True,4,47.18414,-109.6674
JANEY,JANEY,VA,Buchanan,1950,True,1.0,True,8,37.22206,-82.03041
CASS,CASS,GA,Bartow,1950,True,2.0,True,2,34.2167624,-84.845773
DANT,DANT,OR,Wasco,1950,True,3.0,True,4,45.03818,-121.1134
NUNAPITCHUK,NUNAPITCHUK,AK,,1950,True,0.0,True,71,60.89809,-162.4571
STEBBINS,STEBBINS,AK,,1950,True,0.0,True,71,63.52382,-162.2915
BLOSSBURG,BLOSSBURG,MT,Powell,1950,True,2.0,True,7,46.63271,-112.322
PIONEERTOWN,PIONEERTOWN,CA,San Bernardino,1950,True,0.0,True,71,34.15686,-116.4987
BIG LAKE,BIG LAKE,AK,,1950,True,3.0,True,5,61.5519,-149.8201
BLUE MOUNTAIN,BLUE MOUNTAIN,CO,Moffat,1950,True,2.0,True,5,40.2483,-108.8618
SUGAR CITY,SUGAR CITY,ID,Madison,1950,True,0.0,True,71,43.87324,-111.7471
DIAMOND SPRINGS,DIAMOND SPRINGS,CA,El Dorado,1950,True,0.0,True,71,38.69435,-120.8139
EARLTON,EARLTON,KS,Neosho,1950,True,0.0,True,71,37.58811,-95.46915
FARMINGVILLE,FARMINGVILLE,NY,Suffolk,1950,True,0.0,True,71,40.8344265,-73.0437011
PRUDENCE ISLAND,PRUDENCE ISLAND,RI,Newport,1950,True,0.0,True,71,41.6186782,-71.3045648
HAYES,HAYES,VA,Gloucester,1950,True,0.0,True,71,37.27392,-76.49969
HIGDON,HIGDON,GA,Fannin,1950,False,1.0,True,11,34.8964704,-84.4388144
ALPENA,ALPENA,AR,Boone,1950,True,0.0,True,71,36.2952273,-93.2897123
EVERETT,EVERETT,GA,Glynn,1950,True,1.0,True,32,31.3905013,-81.6387196
BRADLEY,BRADLEY,FL,Polk,1950,True,0.0,True,71,27.7933706,-81.9779242
EVANSTON,EVANSTON,KY,Breathitt,1950,True,1.0,True,24,37.54204,-83.03156
MOORING,MOORING,TX,Brazos,1950,True,1.0,True,4,30.68964,-96.55552
YORK,YORK (2),ME,York,1950,True,0.0,True,71,43.1339958,-70.6409843
BIG BEND NATIONAL PARK,BIG BEND NATIONAL PARK,TX,Brewster,1950,True,0.0,True,71,29.32782,-103.2059
ADAMS,ADAMS,MS,Hinds,1950,True,1.0,True,3,32.1598736,-90.5606536
LAKEHEAD,LAKEHEAD,CA,Shasta,1950,True,0.0,True,71,40.89137,-122.3826
COOSADA,COOSADA,AL,Elmore,1950,True,0.0,True,71,32.4980065,-86.3339576
PELAHATCHIE,PELAHATCHIE,MS,Rankin,1950,True,0.0,True,71,32.3137839,-89.7969162
FULTON DALE,FULTON DALE,AL,Jefferson,1950,True,0.0,True,71,33.6096067,-86.7979501
BARGE,BARGE,AK,,1950,True,4.0,True,1,57.3825,-134.3986
MIDFIELD,MIDFIELD,TX,Matagorda,1950,True,0.0,True,71,28.93856,-96.21413
MORRIS,MORRIS,GA,Quitman,1950,True,0.0,True,71,31.7943293,-84.9463146
BARNESTON,BARNESTON,NE,Gage,1950,True,0.0,True,71,40.04834,-96.57697
MITCHELL,MITCHELL,AL,Bullock,1950,True,1.0,True,5,32.2462551,-85.9377335
SOLOMON,SOLOMON,AZ,Graham,1950,True,0.0,True,71,32.81531,-109.631
TWIN LAKES,TWIN LAKES,GA,Lowndes,1950,True,2.0,True,4,30.6960408,-83.2057022
NEW KNOCK HOCK,NEW KNOCK HOCK,AK,,1950,True,3.0,True,2,62.1275,-164.8883
HOGES CHAPEL,HOGES CHAPEL,VA,Giles,1950,True,1.0,True,13,37.32151,-80.59867
NINDE,NINDE,VA,King George,1950,True,0.0,True,71,38.27412,-77.07223
COHOE,COHOE,AK,,1950,True,1.0,True,26,60.36861,-151.3064
NORTH PALM SPRINGS,NORTH PALM SPRINGS,CA,Riverside,1950,True,0.0,True,71,33.92464,-116.5433
HIDEAWAY PARK,HIDEAWAY PARK,CO,Grand,1950,False,1.0,True,30,39.91804,-105.7856
SOMERSET,SOMERSET,CA,El Dorado,1950,True,0.0,True,71,38.64737,-120.6846
YUBA,YUBA,OK,Bryan,1950,True,1.0,True,21,33.80954,-96.20443
DELTA CITY,DELTA CITY,MS,Sharkey,1950,True,0.0,True,71,33.0740134,-90.793987
WINDY HILL BEACH,WINDY HILL BEACH,SC,Horry,1950,True,1.0,True,20,33.8160058,-78.680016
TULUKSAK,TULUKSAK,AK,,1950,True,1.0,True,15,61.09889,-160.9595
ARDEN,ARDEN,DE,New Castle,1950,True,2.0,True,3,39.8092794,-75.4865866
PARRISH,PARRISH,FL,Manatee,1950,True,0.0,True,71,27.5721579,-82.4264246
LOVEJOY,LOVEJOY,GA,Clayton,1950,True,0.0,True,71,33.4322866,-84.3190728
FOREST CENTER,FOREST CENTER,MN,Lake,1950,True,1.0,True,15,47.795,-91.3075
HOLLYWOOD,HOLLYWOOD,SC,Charleston,1950,True,0.0,True,71,32.7337746,-80.2436841
HARDY,HARDY,MS,Grenada,1950,True,1.0,True,13,33.8820587,-89.8295316
KEMPTON,KEMPTON,MD,Garrett,1950,True,3.0,True,1,39.20677,-79.48533
PORT ALSWORTH,PORT ALSWORTH,AK,,1950,True,0.0,True,71,60.19719,-154.3287
CHIMNEY ROCK,CHIMNEY ROCK,CO,Archuleta,1950,True,1.0,True,17,37.22861,-107.3464
UNGER,UNGER,WV,Morgan,1950,True,1.0,True,35,39.43676,-78.25445
ATOMIC CITY,ATOMIC CITY,ID,Bingham,1950,True,0.0,True,71,43.44491,-112.8128
HAPPY JACK,HAPPY JACK,AZ,Coconino,1950,True,1.0,True,16,34.74335,-111.4074
FRIEDA,FRIEDA,OR,Wasco,1950,True,4.0,True,0,45.03818,-121.1134
JONES,JONES,VA,Spotsylvania,1950,True,1.0,True,4,38.17013,-77.80916
PARKER,PARKER,PA,Armstrong,1950,True,0.0,True,71,41.091888,-79.682591
SAPELLO ISLAND,SAPELLO ISLAND,GA,McIntosh,1950,True,0.0,True,71,31.397448,-81.2787063
FLORIDA,FLORIDA,NM,Socorro,1950,True,2.0,True,5,34.09118,-106.8984
BRITT,BRITT,MN,Saint Louis,1950,True,0.0,True,71,47.6407568,-92.5251787
LARSEN BAY,LARSEN BAY,AK,,1950,True,0.0,True,71,57.53689,-153.9802
CLAM GULCH,CLAM GULCH,AK,,1950,True,0.0,True,71,60.22643,-151.4022
GAGEBY,GAGEBY,TX,Wheeler,1950,True,1.0,True,4,35.61977,-100.3401
CANDLEWOOD ISLE,CANDLEWOOD ISLE,CT,Fairfield,1950,True,1.0,True,9,41.48664,-73.455856
GRONWOLDT,GRONWOLDT,AK,,1950,True,4.0,True,1,61.55,-149.8667
FISCHER,FISCHER,TX,Comal,1950,True,0.0,True,71,29.97711,-98.26709
HAWSTONE,HAWSTONE,PA,Mifflin,1950,True,1.0,True,3,40.5917407,-77.5058257
MASTERSON,MASTERSON,TX,Moore,1950,True,1.0,True,36,35.63588,-101.9602
HAWTHORNE,HAWTHORNE,FL,Alachua,1950,True,0.0,True,71,29.5953489,-82.0874218
PARAMUS,PARAMUS,NJ,Bergen,1950,True,0.0,True,71,40.9492486,-74.0693268
GLENHAVEN,GLENHAVEN,CA,Lake,1950,True,0.0,True,71,39.02655,-122.7321
SMITHS,SMITHS,AL,Lee,1950,False,0.0,True,71,32.5401393,-85.0985473
FARMERS,FARMERS,VA,Caroline,1950,True,1.0,True,8,38.0818,-77.36526
LAND O LAKES,LAND O LAKES,FL,Pasco,1950,True,0.0,True,71,28.2341772,-82.4581264
SULLIVANS ISLAND,SULLIVANS ISLAND,SC,Charleston,1950,True,0.0,True,71,32.7609609,-79.8398257
WHITEWATER,WHITEWATER,KS,Butler,1950,True,0.0,True,71,37.96313,-97.14973
DAYVILLE,DAYVILLE,CT,Windham,1950,True,0.0,True,71,41.8329077,-71.8767005
ALLEY SPRING,ALLEY SPRING,MO,Shannon,1950,True,1.0,True,24,37.1442159,-91.4440263
MILES,MILES,VA,Mathews,1950,True,0.0,True,71,37.4093,-76.36272
OTRANTO,OTRANTO (2),IA,Mitchell,1950,True,1.0,True,3,43.49385,-93.00575
APACHE JUNCTION,APACHE JUNCTION,AZ,Pinal,1950,True,0.0,True,71,33.42135,-111.5478
TILFORD,TILFORD,KY,Perry,1950,True,1.0,True,22,37.03065,-83.066
MOUNT LEBANON,MOUNT LEBANON,LA,Bienville,1950,True,1.0,True,5,32.5037644,-93.0490508
BETTLES FIELD,BETTLES FIELD,AK,,1950,True,0.0,True,71,66.92316,-151.508
WALLACE,WALLACE,SC,Marlboro,1950,True,0.0,True,71,34.7201566,-79.8414522
PAHASKA,PAHASKA,WY,Park,1950,True,1.0,True,13,44.503,-109.963
READS LANDING,READS LANDING,MN,Wabasha,1950,True,0.0,True,71,44.40222,-92.07889
SHERWIN,SHERWIN,KS,Cherokee,1950,True,1.0,True,3,37.18006,-94.94774
GREEN SPRINGS,GREEN SPRINGS,VA,Louisa,1950,True,1.0,True,6,38.08597,-78.11167
GLENALLEN,GLENALLEN,AK,,1950,True,1.0,True,10,62.10917,-145.5464
BETTY,BETTY,KY,Knott,1950,True,1.0,True,6,37.4503317,-82.8396199
GILCHRIST,GILCHRIST,TX,Galveston,1950,True,0.0,True,71,29.51245,-94.48908
SHAW,SHAW,MN,Saint Louis,1950,True,1.0,True,9,47.11333,-92.35278
GLEN,GLEN,MT,Beaverhead,1950,True,1.0,True,33,45.47659,-112.6906
MADISON,MADISON,MS,Madison,1950,True,0.0,True,71,32.4590891,-90.1116203
BEECHMONT,BEECHMONT,KY,Muhlenberg,1950,True,0.0,True,71,37.171837,-87.0343378
PEARL BEACH,PEARL BEACH,MI,Saint Clair,1950,True,0.0,True,71,42.62667,-82.59778
LENA,LENA,LA,Rapides,1950,True,0.0,True,71,31.4604521,-92.7712626
GALIANO,GAL(L)IANO,LA,Lafourche,1949,True,0.0,True,72,29.4449963,-90.3115864
NEW DEAL,NEW DEAL,TX,Lubbock,1949,True,0.0,True,72,33.74112,-101.8376
ANCHOR POINT,ANCHOR POINT,AK,,1949,True,0.0,True,72,59.7827,-151.8326
RIMFOREST,RIMFOREST,CA,San Bernardino,1949,True,0.0,True,72,34.2297,-117.2251
COLLEGE HEIGHTS,COLLEGE HEIGHTS,AR,Drew,1949,True,1.0,True,18,33.5903872,-91.8006862
HALEIWA,HALEIWA (2),HI,OAHU,1949,True,0.0,True,72,21.58179,-158.1051
LAKEVIEW,LAKEVIEW,AR,Baxter,1949,True,0.0,True,72,36.3692956,-92.5434158
MOUNTAIN,MOUNTAIN,WV,Ritchie,1949,True,1.0,True,47,39.35564,-80.91094
MAPAVILLE,MAPAVILLE,MO,Jefferson,1949,True,0.0,True,72,38.2485079,-90.4848008
GOODLAND,GOODLAND,FL,Collier,1949,True,0.0,True,72,25.925416,-81.6473432
TOTAVI,TOTAVI,NM,Santa Fe,1949,True,2.0,True,4,35.87447,-106.1797
CALWA,CALWA,CA,Fresno,1949,True,1.0,True,1,36.70674,-119.7567
SAND DRAW,SAND DRAW,WY,Fremont,1949,True,1.0,True,10,42.76052,-108.1815
BURNWELL,BURNWELL,KY,Pike,1949,True,0.0,True,72,37.6303417,-82.2207665
LIME SPRINGS,LIME SPRINGS,IA,Howard,1949,True,0.0,True,72,43.44904,-92.28082
BITELY,BITELY,MI,Newaygo,1949,True,0.0,True,72,43.7460969,-85.8603233
LEGGETT,LEGGETT,CA,Mendocino,1949,True,0.0,True,72,39.86523,-123.715
PAULOFF HARBOR,PAULOFF HARBOR,AK,,1949,True,1.0,True,23,54.4577,-162.7071
NAPTOWNE,NAPTOWNE,AK,,1949,True,2.0,True,5,60.5275,-150.725
APPLE VALLEY,APPLE VALLEY,CA,San Bernardino,1949,True,0.0,True,72,34.49963,-117.1809
CHARLTON HEIGHTS,CHARLTON HEIGHTS,WV,Fayette,1949,True,0.0,True,72,38.12388,-81.23408
MCNARY,McNARY,OR,Umatilla,1949,True,0.0,True,72,45.9193,-119.2892
TUNGSTEN,TUNGSTEN,NC,Vance,1949,True,1.0,True,10,36.51375,-78.47028
BORREGO SPRINGS,BORREGO SPRINGS,CA,San Diego,1949,True,0.0,True,72,33.25451,-116.3787
CAMP WHITE,CAMP WHITE,OR,Jackson,1949,True,1.0,True,11,42.42672,-122.8516
DESERT SPRINGS,DESERT SPRINGS,CA,San Bernardino,1949,True,1.0,True,10,34.43333,-117.6467
POSTON,POSTON,AZ,La Paz,1949,True,1.0,True,11,33.99057,-114.3963
INDIAN ROCKS BEACH,INDIAN ROCKS BEACH,FL,Pinellas,1949,True,0.0,True,72,27.8827939,-82.8496022
WECOMA BEACH,WECOMA BEACH,OR,Lincoln,1949,True,1.0,True,8,44.98872,-124.0076
SHAWNEE HILLS,SHAWNEE HILLS,OH,Delaware,1949,True,0.0,True,72,40.1584,-83.13463
TWAY,TWAY,KY,Harlan,1949,True,1.0,True,8,36.82615,-83.32111
TEMPLEMAN,TEMPLEMAN,VA,Westmoreland,1949,True,1.0,True,17,38.07069,-76.77496
GARDEN CITY BEACH,GARDEN CITY BEACH,SC,Horry,1949,True,1.0,True,6,33.5737802,-79.002535
DELL CITY,DELL CITY,TX,Hudspeth,1949,True,0.0,True,72,31.93986,-105.2015
PENCIL BLUFF,PENCIL BLUFF,AR,Montgomery,1949,True,0.0,True,72,34.6295049,-93.7332734
STRAWBERRY,STRAWBERRY,CA,Tuolumne,1949,True,1.0,True,18,38.19825,-120.0094
CAPE POLE,CAPE POLE,AK,,1949,True,2.0,True,4,55.965,-133.7933
POWELL,POWELL,TN,Knox,1949,True,0.0,True,72,36.0214501,-84.0496248
WEST GLACIER,WEST GLACIER,MT,Flathead,1949,True,0.0,True,72,48.49531,-113.9823
LAKE HAMILTON,LAKE HAMILTON,AR,Garland,1949,True,1.0,True,26,34.4245347,-93.0951795
SOLDATNA,SOLDATNA,AK,,1949,True,1.0,True,18,60.48778,-151.0583
LEATHERWOOD,LEATHERWOOD,KY,Perry,1949,True,0.0,True,72,37.04019,-83.17093
BLACKBERRY CITY,BLACKBERRY CITY,WV,Mingo,1949,True,1.0,True,34,37.6114936,-82.166523
PIEDRA,PIEDRA,CA,Fresno,1949,True,0.0,True,72,36.82291,-119.3649
SUN VALLEY,SUN VALLEY,CA,Los Angeles,1949,True,0.0,True,72,34.21717,-118.3689
POPPONESSET BEACH,POPPONESSET BEACH,MA,Barnstable,1949,True,2.0,True,18,41.5737216,-70.4619711
HOUGHTON POINT,HOUGHTON POINT,MI,Roscommon,1949,True,1.0,True,7,44.37222,-84.75917
TAHOE CITY,TAHOE CITY,CA,Placer,1949,True,0.0,True,72,39.17387,-120.1366
CONTINENTAL DIVIDE,CONTINENTAL DIVIDE,NM,McKinley,1949,True,0.0,True,72,35.42169,-108.3106
RIDGE,RIDGE,NY,Suffolk,1949,True,0.0,True,72,40.892393,-72.8981234
VICK,VICK,TX,Concho,1949,True,1.0,True,15,31.341,-100.092
WATTS,WATTS,KY,Breathitt,1949,True,1.0,True,16,37.44454,-83.31379
MOUNTAIN VIEW,MOUNTAIN VIEW,AK,,1949,True,1.0,True,5,61.22639,-149.8042
HOLLOMAN,HOLLOMAN,NM,Otero,1949,True,1.0,True,7,32.83148,-106.0569
RAMSEY,RAMSEY,VA,Wise,1949,True,3.0,True,1,36.92593,-82.45626
HOMELAND,HOMELAND,CA,Riverside,1949,True,0.0,True,72,33.74374,-117.109
LONG BEACH,LONG BEACH,NC,Brunswick,1949,True,1.0,True,5,33.91045,-78.11777
NIKOLAI,NIKOLAI,AK,,1949,False,2.0,True,4,63.01333,-154.375
SPENARD,SPENARD,AK,,1949,True,1.0,True,4,61.19612,-149.9158
DE BARY,DE BARY,FL,Volusia,1949,True,0.0,True,72,28.8830452,-81.3086755
INDIAN GAP,INDIAN GAP,VA,Buchanan,1949,True,1.0,True,14,37.15428,-82.05874
EEK,EEK,AK,,1949,True,0.0,True,72,60.21719,-162.0264
LUKEVILLE,LUKEVILLE,AZ,Pima,1949,True,0.0,True,72,31.88257,-112.8157
FIVE POINTS,FIVE POINTS,TN,Lawrence,1949,True,0.0,True,72,35.0416881,-87.3117548
ORETECH,ORETECH,OR,Klamath,1949,True,1.0,True,8,42.26237,-121.7436
EASTON,EASTON,TX,Gregg,1949,True,0.0,True,72,32.38642,-94.58405
CREST PARK,CREST PARK,CA,San Bernardino,1949,True,0.0,True,72,34.2339,-117.1964
KING SALMON,KING SALMON,AK,,1949,True,0.0,True,72,58.69931,-156.7066
BULL SHOALS,BULL SHOALS,AR,Marion,1949,True,0.0,True,72,36.385323,-92.5820504
BARTLETT,BARTLETT,AK,,1949,True,2.0,True,9,64.80833,-148.0083
BAYSIDE,BAYSIDE,VA,Princess Anne,1949,True,1.0,True,13,36.8955954,-76.1426148
HARVEYS LAKE,HARVEYS LAKE,PA,Luzerne,1949,True,0.0,True,72,41.3643029,-76.0598199
STOPOVER,STOPOVER,KY,Pike,1949,True,0.0,True,72,37.51571,-82.09272
RALSTON,RALSTON,TN,Weakley,1949,True,1.0,True,11,36.3267296,-88.8000589
THOMPSON,THOMPSON,UT,Grand,1949,True,1.0,True,72,38.97108,-109.7137
PINE CREEK,PINE CREEK,WV,Logan,1949,True,1.0,True,16,37.75177,-82.09235
COTTLE,COTTLE,WV,Nicholas,1949,True,1.0,True,45,38.34622,-80.62676
BOYKIN,BOYKIN,AL,Wilcox,1949,True,0.0,True,72,32.0779234,-87.28138
KAUMAKANI,KAUMAKANI,HI,KAUAI,1949,True,0.0,True,72,21.91637,-159.6174
BARNEGAT LIGHT,BARNEGAT LIGHT,NJ,Ocean,1949,True,0.0,True,72,39.7561007,-74.1083393
SNIDER,SNIDER,MT,Sanders,1949,True,1.0,True,20,47.60383,-115.2185
SPRING PARK,SPRING PARK,MN,Hennepin,1949,True,0.0,True,72,44.93738,-93.62471
DOS CABEZAS,DOS CABEZAS,AZ,Cochise,1949,True,1.0,True,11,32.17536,-109.6134
MCCLELLAN,McCLELLAN,CA,Sacramento,1949,True,1.0,True,7,38.6337,-121.4244
LAWAI,LAWAI,HI,KAUAI,1949,True,0.0,True,72,21.92346,-159.501
HAMILTON,HAMILTON,CA,Marin,1949,True,1.0,True,7,38.05457,-122.5289
STARTEX,STARTEX,SC,Spartanburg,1949,True,0.0,True,72,34.9284528,-82.0989968
BUTNER,BUTNER,NC,Granville,1948,True,0.0,True,73,36.1350637,-78.7598316
FRONTON,FRONTON,TX,Starr,1948,True,1.0,True,31,26.40701,-99.08392
SUTTON,SUTTON,AK,,1948,True,0.0,True,73,61.71046,-148.8779
HOOD BAY,HOOD BAY,AK,,1948,False,3.0,True,9,57.3825,-134.3986
JOANNA,JOANNA,SC,Laurens,1948,True,0.0,True,73,34.4148532,-81.8112175
LIGUORI,LIGUORI,MO,Jefferson,1948,True,0.0,True,73,38.3426341,-90.409047
WINDSOR,WINDSOR (2),ME,Kennebec,1948,True,0.0,True,73,44.3112209,-69.5809098
SHORE ACRES,SHORE ACRES,NJ,Ocean,1948,True,1.0,True,12,40.0253949,-74.1015271
HALAULA,HALAULA,HI,HAWAII,1948,True,1.0,True,28,20.22802,-155.782
SUWANEE,SUWANEE,FL,Dixie,1948,True,0.0,True,73,29.3291765,-83.14747
OCEAN DRIVE BEACH,OCEAN DRIVE BEACH,SC,Horry,1948,True,1.0,True,22,33.8185058,-78.673349
SUPREME,SUPREME,LA,Assumption,1948,True,1.0,True,24,29.8613156,-90.9825978
HUNGRY HORSE,HUNGRY HORSE,MT,Flathead,1948,True,1.0,True,33,48.38469,-114.0618
SAINT PAUL ISLAND,SAINT PAUL ISLAND,AK,,1948,True,0.0,True,73,57.12442,-170.2738
SHIRLEY,SHIRLEY,IN,Henry,1948,True,0.0,True,73,39.89197,-85.57632
OLD SAYBROOK,OLD SAYBROOK,CT,Middlesex,1948,True,1.0,True,73,41.2965497,-72.3762148
HANCOCK,HANCOCK,WV,Morgan,1948,True,1.0,True,39,39.69287,-78.17751
PARAMOUNT,PARAMOUNT,CA,Los Angeles,1948,True,0.0,True,73,33.89581,-118.1728
IKES FORK,IKES FORK,WV,Wyoming,1948,True,0.0,True,73,37.52176,-81.80475
CHERRY GROVE BEACH,CHERRY GROVE BEACH,SC,Horry,1948,True,1.0,True,22,33.8282281,-78.6433477
SAMPSON,SAMPSON,NY,Seneca,1948,True,1.0,True,2,42.7292363,-76.900238
SAINT LAWRENCE,SAINT LAWRENCE,TX,Glasscock,1948,True,1.0,True,8,31.70264,-101.5379
RIVER PINES,RIVER PINES,CA,Amador,1948,True,0.0,True,73,38.5463,-120.7441
SUMMIT,SUMMIT,AK,,1948,True,1.0,True,18,63.33139,-149.1222
MAVERICK,MAVERICK,AZ,Apache,1948,True,1.0,True,19,33.74283,-109.5473
GRAND RIVER,GRAND RIVER,LA,Iberville,1948,True,1.0,True,7,30.2265864,-91.4184444
MIDWAY,MIDWAY,AR,Baxter,1948,True,0.0,True,73,36.3862264,-92.4672574
ESTELL MANOR,ESTELL MANOR,NJ,Atlantic,1948,True,0.0,True,73,39.3793536,-74.8063357
PAWNEE,PAWNEE,TX,Bee,1948,True,0.0,True,73,28.65178,-98.00239
FULLERTON,FULLERTON,TX,Andrews,1948,True,1.0,True,8,32.38428,-102.7821
BACLIFF,BACLIFF,TX,Galveston,1948,True,0.0,True,73,29.50712,-94.98229
MATHER FIELD,MATHER FIELD,CA,Sacramento,1948,True,1.0,True,8,38.56657,-121.2969
IRONVILLE,IRONVILLE,PA,Blair,1948,True,6.0,True,-98,40.6575637,-78.2164012
CARDERVIEW,CARDERVIEW,TN,Johnson,1948,True,1.0,True,5,36.3534506,-82.0323443
BRADLEY,BRADLEY,WV,Raleigh,1948,True,0.0,True,73,37.8668619,-81.1937831
BADGER,BADGER,WI,Sauk,1948,True,1.0,True,10,43.3710972,-89.7731792
MOUNT OWEN,MOUNT OWEN,CA,Kern,1948,True,2.0,True,2,35.73301,-117.9237
LONE STAR,LONE STAR,TX,Morris,1948,True,0.0,True,73,32.94534,-94.71041
SPRING LAKE,SPRING LAKE,NC,Cumberland,1948,True,0.0,True,73,35.16883,-78.97773
MACHOVEC,MACHOVEC,TX,Moore,1948,True,1.0,True,5,35.94393,-101.9868
KAWAILOA,KAWAILOA,HI,HAWAII,1948,True,2.0,True,11,19.47989,-155.9355
PENNDEL,PENNDEL,PA,Bucks,1948,True,1.0,True,8,40.1607661,-74.911772
SLANA,SLANA,AK,,1948,True,2.0,True,10,62.70717,-143.9701
CHINA LAKE,CHINA LAKE,CA,Kern,1948,True,1.0,True,7,35.65079,-117.6617
LOZANO,LOZANO,TX,Cameron,1948,True,0.0,True,73,26.18607,-97.54056
WILKINS,WILKINS,NV,Elko,1948,True,2.0,True,15,41.4252,-114.7517
CIRCLE PINES,CIRCLE PINES,MN,Anoka,1948,True,0.0,True,73,45.14486,-93.15402
MANITOWISH WATERS,MANITOWISH WATERS,WI,Vilas,1948,True,0.0,True,73,46.13581,-89.88705
CACTUS,CACTUS,TX,Moore,1948,True,0.0,True,73,36.05177,-102.0054
WILLOW,WILLOW,AK,,1948,True,0.0,True,73,61.7381,-150.0441
LARKSLANE,LARKSLANE,KY,Knott,1948,True,1.0,True,37,37.38482,-82.88127
BONG,BONG,WA,Spokane,1948,True,2.0,True,3,47.63405,-117.6686
ALADDIN,ALADDIN,PA,Armstrong,1948,True,0.0,True,73,40.6917318,-79.6567143
BLACKHAWK,BLACKHAWK,IL,Carroll,1948,True,1.0,True,10,42.1875191,-90.2240177
MYERS FLAT,MYERS FLAT,CA,Humboldt,1948,True,0.0,True,73,40.26595,-123.8716
LAKESIDE,LAKESIDE,MT,Flathead,1948,True,0.0,True,73,48.02062,-114.2255
PRICE,PRICE,KY,Floyd,1948,True,1.0,True,36,37.4026,-82.7421
SOUTH INTERNATIONAL FALLS,SOUTH INTERNATIONAL FALLS,MN,Koochiching,1948,True,0.0,True,73,48.58667,-93.39862
HORESHOE BEACH,HORESHOE BEACH,FL,Dixie,1948,True,0.0,True,73,29.4416435,-83.2861543
WINSTON,WINSTON,OR,Douglas,1948,True,0.0,True,73,43.11924,-123.4145
TWILIGHT,TWILIGHT,WV,Boone,1948,True,0.0,True,73,37.925,-81.62197
HISEL,HISEL,KY,Jackson,1948,True,1.0,True,38,37.55564,-84.08382
CEDAR RIDGE,CEDAR RIDGE,CA,Nevada,1948,True,0.0,True,73,39.19916,-121.0228
NORTH PENSACOLA,NORTH PENSACOLA,FL,Escambia,1948,True,1.0,True,1,30.6085265,-87.339976
LYNNWOOD,LYNNWOOD,WA,Snohomish,1948,True,0.0,True,73,47.81107,-122.3254
GLOVERVILLE,GLOVERVILLE,SC,Aiken,1948,True,0.0,True,73,33.5259704,-81.8301117
LITTLE VALLEY,LITTLE VALLEY,CA,Lassen,1948,True,1.0,True,19,40.89433,-121.1775
MCCAIN,MCCAIN,NC,Hoke,1948,True,0.0,True,73,35.06072,-79.34559
ROCK CREEK,ROCK CREEK,WV,Raleigh,1948,True,0.0,True,73,37.85061,-81.45086
PATUXENT RIVER,PATUXENT RIVER,MD,Saint Mary's,1948,True,0.0,True,73,38.27787,-76.43363
GARDEN CITY,GARDEN CITY,FL,Duval,1948,True,1.0,True,12,30.4407937,-81.6989881
STANFIELD,STANFIELD,AZ,Pinal,1948,True,0.0,True,73,32.87982,-111.9633
COLLINSVILLE,COLLINSVILLE,VA,Henry,1948,True,0.0,True,73,36.72551,-79.91692
POINT LAY,POINT LAY,AK,,1947,True,2.0,True,12,69.74149,-163.0095
YORK RUN,YORK RUN,PA,Fayette,1947,True,1.0,True,9,39.8325765,-79.779493
MARTIN CITY,MARTIN CITY,MT,Flathead,1947,True,1.0,True,28,48.3908,-114.0379
VERONA BEACH,VERONA BEACH,NY,Oneida,1947,True,0.0,True,74,43.1907872,-75.7291791
WILSEYVILLE,WILSEYVILLE,CA,Calaveras,1947,True,0.0,True,74,38.37847,-120.5164
MOUNT EDGECUMBE,MOUNT EDGECUMBE,AK,,1947,True,1.0,True,7,57.05111,-135.3544
SUGARLOAF,SUGARLOAF,CA,San Bernardino,1947,True,1.0,True,17,34.24325,-116.825
MORONGO VALLEY,MORONGO VALLEY,CA,San Bernardino,1947,True,0.0,True,74,34.04499,-116.5821
MARY ALICE,MARY ALICE,KY,Harlan,1947,True,0.0,True,74,36.78425,-83.3299
ENTRANCE ISLAND,ENTRANCE ISLAND,AK,,1947,True,4.0,True,9,57.41222,-133.4411
MIRACLE HOT SPRINGS,MIRACLE HOT SPRINGS,CA,Kern,1947,True,1.0,True,10,35.57579,-118.5345
COBOL,COBOL,AK,,1947,True,2.0,True,7,57.48972,-135.8711
FORT LEONARD WOOD,FORT LEONARD WOOD,MO,Pulaski,1947,True,0.0,True,74,37.762393,-92.1152511
LAKE FOREST,LAKE FOREST,CA,Placer,1947,True,1.0,True,6,39.18435,-120.1146
BLACK DIAMOND,BLACK DIAMOND,AL,Jefferson,1947,True,1.0,True,8,33.3448348,-87.0866618
HIGHLAND VIEW,HIGHLAND VIEW,FL,Gulf,1947,True,1.0,True,13,29.837986,-85.3157519
OAK VIEW,OAK VIEW,CA,Ventura,1947,True,0.0,True,74,34.39264,-119.3008
FERGUSON,FERGUSON,KY,Pulaski,1947,True,0.0,True,74,37.06744,-84.60332
HERNDON HEIGHTS,HERNDON HEIGHTS,WV,Wyoming,1947,True,1.0,True,21,37.50345,-81.35871
RIVERDALE,RIVERDALE,ND,McLean,1947,True,0.0,True,74,47.49806,-101.3739
DE SOTO,DE SOTO,FL,Hillsboro,1947,True,1.0,True,5,27.948932,-82.4290966
LAVALE,LAVALE,MD,Allegany,1947,True,2.0,True,10,39.65564,-78.81058
BLACK SPRINGS,BLACK SPRINGS,NV,Washoe,1947,True,2.0,True,19,39.60963,-119.856
EL MIRAGE,EL MIRAGE,AZ,Maricopa,1947,True,0.0,True,74,33.60853,-112.3177
CRESCENT BEACH,CRESCENT BEACH,SC,Horry,1947,True,1.0,True,23,33.8076725,-78.7008502
WINNETKA,WINNETKA,CA,Los Angeles,1947,True,1.0,True,10,34.21004,-118.5715
KORTES DAM,KORTES DAM,WY,Carbon,1947,True,2.0,True,4,41.86996,-106.562
UPTON,UPTON,NY,Suffolk,1947,True,0.0,True,74,40.8680555,-72.8810795
WOLF LAKE,WOLF LAKE,MN,Becker,1947,True,0.0,True,74,46.80306,-95.35222
KUNIA,KUNIA,HI,OAHU,1947,True,0.0,True,74,21.45751,-158.0597
BRENTON,BRENTON,WV,Wyoming,1947,True,0.0,True,74,37.5956053,-81.6348731
FAYSON EAKES,FAYSON EAKES,NJ,Morris,1947,True,1.0,True,8,40.9759313,-74.3570955
CUTOFF,CUTOFF,AK,,1947,True,3.0,True,5,65.69861,-156.3997
KWETHLUK,KWETHLUK,AK,,1947,True,0.0,True,74,60.81018,-161.4226
BETHEL ISLAND,BETHEL ISLAND,CA,Contra Costa,1947,True,0.0,True,74,38.01874,-121.6402
SQUAW HARBOR,SQUAW HARBOR,AK,,1947,True,5.0,True,1,55.24333,-160.5533
PIONEER,PIONEER,CA,Amador,1947,True,0.0,True,74,38.42991,-120.5772
PALM DESERT,PALM DESERT,CA,Riverside,1947,True,0.0,True,74,33.74641,-116.3615
PHYLLIS,PHYLLIS,KY,Pike,1947,True,0.0,True,74,37.44289,-82.33536
NORTH RIM,NORTH RIM,AZ,Coconino,1947,True,1.0,True,8,36.21054,-112.0613
PICKSTOWN,PICKSTOWN,SD,Charles Mix,1947,True,0.0,True,74,43.067,-98.53126
MEKORYUK,MEKORYUK,AK,,1947,True,0.0,True,74,60.38616,-166.1913
GULF SHORES,GULF SHORES,AL,Baldwin,1947,True,0.0,True,74,30.2743766,-87.6900123
GEPP,GEPP,AR,Fulton,1947,True,0.0,True,74,36.3865498,-92.1150143
ALAKANUK,ALAKANUK,AK,,1947,True,0.0,True,74,62.68486,-164.6453
MARE CREEK,MARE CREEK,KY,Floyd,1947,True,1.0,True,9,37.56522,-82.6424
NANAKULI,NANAKULI (2),HI,OAHU,1947,True,1.0,True,15,21.3874,-158.1506
CHENEGA,CHENEGA,AK,,1947,True,1.0,True,17,60.28139,-148.0761
FOUR MILE,FOUR MILE,OR,Coos,1947,True,2.0,True,16,43.00816,-124.4151
TWIN BRIDGES,TWIN BRIDGES,CA,El Dorado,1947,False,0.0,True,74,38.7961,-120.1473
TIJERAS,TIJERAS,NM,Bernalillo,1947,True,0.0,True,74,35.07957,-106.3891
GROVER CITY,GROVER CITY,CA,San Luis Obispo,1947,True,0.0,True,74,35.12164,-120.6213
SCOTTY'S CASTLE,SCOTTY'S CASTLE,CA,Inyo,1947,True,2.0,True,6,37.03216,-117.3401
BALDWINVILLE,BALDWINVILLE,MA,Worcester,1947,True,0.0,True,74,42.6089744,-72.0754816
TUMACACORI,TUMACACORI,AZ,Santa Cruz,1947,True,0.0,True,74,31.56998,-111.0522
POMPANO BEACH,POMPANO BEACH,FL,Broward,1947,True,0.0,True,74,26.2320528,-80.1543857
TOK JUNCTION,TOK JUNCTION,AK,,1947,True,1.0,True,11,63.33667,-142.9856
GREEN TREE,GREEN TREE,NM,Lincoln,1947,True,1.0,True,11,33.33068,-105.5905
CASTLE BUTTE,CASTLE BUTTE,AZ,Navajo,1947,True,2.0,True,9,35.30474,-110.3487
ARENAS VALLEY,ARENAS VALLEY,NM,Grant,1947,True,0.0,True,74,32.79396,-108.1842
TRENTWOOD,TRENTWOOD,WA,Spokane,1947,True,1.0,True,6,47.69518,-117.2113
MALIBU,MALIBU,CA,Los Angeles,1947,True,0.0,True,74,34.03395,-118.6938
ANNETTE,ANNETTE,AK,,1947,True,1.0,True,35,55.06167,-131.5417
PARADISE,PARADISE,MI,Chippewa,1947,True,0.0,True,74,46.62489,-85.03737
LEE'S CAMP,LEE's CAMP,OR,Tillamook,1947,True,1.0,True,9,45.594,-123.5404
LAKE MINNEWASKA,LAKE MINNEWASKA,NY,Ulster,1947,True,1.0,True,10,41.7353712,-74.2162588
HARRIMAN,HARRIMAN,OR,Klamath,1947,True,3.0,True,7,42.48069,-122.0842
ADAIR VILLAGE,ADAIR VILLAGE,OR,Benton,1947,True,2.0,True,4,44.67068,-123.2179
DAVIS DAM,DAVIS DAM,NV,Clark,1947,True,3.0,True,3,35.19305,-114.5741
LITTLE DIXIE,LITTLE DIXIE,KY,Pike,1947,True,1.0,True,8,37.46149,-82.55932
PHICO,PHICO,WV,Logan,1947,True,1.0,True,10,37.95066,-82.01402
LEXINGTON PARK,LEXINGTON PARK,MD,Saint Mary's,1947,True,0.0,True,74,38.26418,-76.45298
MENTASTA LAKE,MENTASTA LAKE,AK,,1947,True,4.0,True,4,62.93043,-143.7974
CITRUS HEIGHTS,CITRUS HEIGHTS,CA,Sacramento,1947,True,0.0,True,74,38.68115,-121.2973
FINN ROCK,FINN ROCK,OR,Lane,1947,True,1.0,True,12,44.12901,-122.3828
DUNLAP,DUNLAP,KY,Pike,1947,True,1.0,True,12,37.42708,-82.24261
CHUGIAK,CHUGIAK,AK,,1947,True,0.0,True,74,61.40086,-149.4683
BANDYTOWN,BANDYTOWN,WV,Boone,1947,True,1.0,True,44,37.9406619,-81.6406699
STONY FORK,STONY FORK,KY,Bell,1946,True,0.0,True,75,36.60175,-83.75214
MIDWAY,MIDWAY,WV,Raleigh,1946,True,0.0,True,75,37.71441,-81.23799
KINNEAR,KINNEAR,WY,Fremont,1946,True,0.0,True,75,43.15144,-108.678
ROOSEVELT,ROOSEVELT,NJ,Monmouth,1946,True,0.0,True,75,40.2179812,-74.4741093
TUCKASEGEE,TUCKASEGEE,NC,Jackson,1946,True,0.0,True,75,35.26978,-83.12228
BRIGHTON,BRIGHTON,UT,Salt Lake,1946,True,2.0,True,7,40.60384,-111.5821
MOSES POINT,MOSES POINT,AK,,1946,True,1.0,True,19,64.7,-162.0333
DORA LAKE,DORA LAKE (2),MN,Itasca,1946,True,1.0,True,7,47.73861,-94.04
BLUE HERON,BLUE HERON,KY,McCreary,1946,True,1.0,True,17,36.6714661,-84.5454949
SAINT GEORGE,SAINT GEORGE,VA,Greene,1946,True,1.0,True,15,38.26402,-78.54501
STANSBURY,STANSBURY,WY,Sweetwater,1946,True,1.0,True,13,41.70274,-109.1879
JOSEPHINE,JOSEPHINE,WV,Raleigh,1946,True,0.0,True,75,37.62062,-81.22183
BRIDGE CITY,BRIDGE CITY,TX,Orange,1946,True,0.0,True,75,30.02385,-93.84212
BEVERLY,BEVERLY,MO,Platte,1946,True,1.0,True,14,39.3680547,-94.8671847
OAKDALE,OAKDALE,NY,Suffolk,1946,True,0.0,True,75,40.7386007,-73.1192308
BROWNS FORK,BROWNS FORK,KY,Perry,1946,True,0.0,True,75,37.2371833,-83.2335806
OCEANWAY,OCEANWAY,FL,Duval,1946,True,1.0,True,14,30.4669049,-81.6323187
SAINT JAMES,SAINT JAMES,MD,Washington,1946,True,0.0,True,75,39.56426,-77.75555
BUCKINGHAM,BUCKINGHAM,KY,Floyd,1946,True,1.0,True,38,37.3649407,-82.7317161
TAHOMA,TAHOMA,CA,Placer,1946,True,0.0,True,75,39.06741,-120.1282
REESE RIVER,REESE RIVER,NV,Nye,1946,True,3.0,True,5,39.09271,-117.3887
LUMMI ISLAND,LUMMI ISLAND,WA,Whatcom,1946,True,0.0,True,75,48.72218,-122.6833
MEKORYOK,MEKORYOK,AK,,1946,True,5.0,True,1,60.38806,-166.185
MODEL CITY,MODEL CITY,NY,Niagara,1946,True,0.0,True,75,43.1850554,-78.9836545
TONER,TONER,KY,Perry,1946,True,1.0,True,1,37.03287,-83.17239
ROYAL CITY,ROYAL CITY,VA,Buchanan,1946,True,1.0,True,15,37.25983,-82.10069
GORDON FORD,GORDON FORD,KY,Morgan,1946,True,1.0,True,11,37.88373,-83.23822
HUTCHINSON,HUTCHINSON,PA,Westmoreland,1946,True,0.0,True,75,40.2260457,-79.7314528
AUKE BAY,AUKE BAY,AK,,1946,True,1.0,True,37,58.38729,-134.6491
KOYUK,KOYUK,AK,,1946,True,0.0,True,75,64.93194,-161.1569
CONCORD,CONCORD,AR,Cleburne,1946,True,0.0,True,75,35.6635135,-91.8486466
LAGUNA BEACH,LAGUNA BEACH,FL,Bay,1946,True,1.0,True,4,30.2396463,-85.9241025
TWIN OAKS,TWIN OAKS,OK,Delaware,1946,True,0.0,True,75,36.20536,-94.85134
TATITLEK,TATITLEK,AK,,1946,True,1.0,True,36,60.86503,-146.68
HUNT,HUNT,WV,Logan,1946,True,1.0,True,19,37.72094,-81.87179
WHITTIER,WHITTIER,AK,,1946,True,1.0,True,15,60.77211,-148.6855
TIMBERLINE,TIMBERLINE,OR,Clackamas,1946,True,1.0,True,5,45.33095,-121.7115
PIERCE TOWN,PIERCE TOWN,AR,Newton,1946,True,1.0,True,9,35.9664657,-93.0715631
BULLHEAD CITY,BULLHEAD CITY,AZ,Mohave,1946,True,0.0,True,75,35.10423,-114.6124
ARTESIA,ARTESIA,CO,Moffat,1946,True,1.0,True,20,40.24358,-109.0146
PANOLA,PANOLA,TX,Panola,1946,True,0.0,True,75,32.36035,-94.09324
PINE LAKE,PINE LAKE,GA,DeKalb,1946,True,0.0,True,75,33.7860236,-84.2069808
CEDAR CREEK,CEDAR CREEK,AZ,Gila,1946,True,3.0,True,3,33.8956,-110.1737
GOLDBOND,GOLDBOND,VA,Giles,1946,True,0.0,True,75,37.38012,-80.66646
BRYANT,BRYANT,FL,Palm Beach,1946,True,1.0,True,13,26.8497815,-80.616445
GOLDEN ACRES,GOLDEN ACRES,TX,Harris,1946,True,1.0,True,13,29.67078,-95.15299
NOTREES,NOTREES,TX,Ector,1946,True,0.0,True,75,31.9174,-102.7545
DEVILS DEN,DEVILS DEN,CA,Kern,1946,True,3.0,True,2,35.76552,-119.9749
ROYAL BLUE,ROYAL BLUE,TN,Campbell,1946,True,1.0,True,9,36.3823021,-84.2604863
JOSHUA TREE,JOSHUA TREE,CA,San Bernardino,1946,True,0.0,True,75,34.13547,-116.3235
BLOUNT,BLOUNT,WV,Kanawha,1946,True,1.0,True,53,38.3212122,-81.429562
HAZEL PARK,HAZEL PARK,MI,Oakland,1946,True,0.0,True,75,42.46283,-83.10373
KAKO LANDING,KAKO LANDING,AK,,1946,True,4.0,True,5,61.85389,-161.3464
JERICHO,JERICHO,SC,Charleston,1946,True,1.0,True,35,32.7590659,-80.3164889
WHITE OAK,WHITE OAK,WV,Raleigh,1946,True,0.0,True,75,37.69427,-81.07616
SOUND BEACH,SOUND BEACH,NY,Suffolk,1946,True,0.0,True,75,40.955766,-72.9703954
ORIENT HILL,ORIENT HILL,WV,Greenbrier,1946,True,1.0,True,14,38.04178,-80.73315
WILDHORSE,WILDHORSE,NV,Elko,1945,True,3.0,True,3,41.65185,-115.7856
MEDANALES,MEDANALES,NM,Rio Arriba,1945,True,0.0,True,76,36.17145,-106.1779
BLUE PENNANT,BLUE PENNANT,WV,Boone,1945,True,1.0,True,19,37.9709402,-81.5595569
MOUNT LEMMON,MOUNT LEMMON,AZ,Pima,1945,True,0.0,True,76,32.44512,-110.7602
BLUE GRASS,BLUE GRASS,VA,Highland,1945,True,0.0,True,76,38.4986438,-79.5515024
MOUNTAIN CENTER,MOUNTAIN CENTER,CA,Riverside,1945,True,0.0,True,76,33.70419,-116.7259
COOS BAY,COOS BAY,OR,Coos,1945,True,0.0,True,76,43.36319,-124.2171
EASTERN,EASTERN (2),KY,Floyd,1945,True,0.0,True,76,37.51704,-82.80599
HAZELWOOD,HAZELWOOD,NC,Haywood,1945,True,0.0,True,76,35.47804,-83.00172
ARNOLD,ARNOLD,MO,Jefferson,1945,True,0.0,True,76,38.4374548,-90.3734908
EAST MCDOWELL,EAST MCDOWELL,KY,Floyd,1945,True,1.0,True,39,37.4476,-82.72516
NORTH  RED WING,NORTH  RED WING,WI,Pierce,1945,True,2.0,True,0,44.57719,-92.54769
O'BRIEN,O'BRIEN,CA,Shasta,1945,True,1.0,True,21,40.81209,-122.3242
NIMITZ,NIMITZ,WV,Summers,1945,True,0.0,True,76,37.64624,-80.96073
VANTAGE,VANTAGE,WA,Kittitas,1945,True,1.0,True,19,46.94477,-119.9905
MONO HOT SPRINGS,MONO HOT SPRINGS,CA,Fresno,1945,True,1.0,True,18,37.32855,-119.0154
CURTIS,CURTIS,TX,Jasper,1945,True,1.0,True,19,30.92131,-94.06463
KALLOPI,KALLOPI,KY,Leslie,1945,True,1.0,True,39,37.23343,-83.41657
GLENWOOD,GLENWOOD,NC,Mcdowell,1945,True,0.0,True,76,35.61457,-81.98205
SARDIS,SARDIS (2),AL,Dallas,1945,True,0.0,True,76,32.2876459,-86.986941
COPELAND,COPELAND,FL,Collier,1945,True,0.0,True,76,25.9537075,-81.3559114
KINWOOD,KINWOOD,TX,Harris,1945,True,1.0,True,13,29.91189,-95.30244
YUCCA VALLEY,YUCCA VALLEY,CA,San Bernardino,1945,True,0.0,True,76,34.12094,-116.4143
WEST BAINBRIDGE,WEST BAINBRIDGE,GA,Decatur,1945,True,1.0,True,14,30.9174103,-84.5888036
BENET LAKE,BENET LAKE,WI,Kenosha,1945,True,1.0,True,23,42.4980748,-88.0817506
LODGE CORNER,LODGE CORNER,AR,Arkansas,1945,True,1.0,True,10,34.300098,-91.5251248
TREMONT,TREMONT,KY,Harlan,1945,True,1.0,True,31,36.84388,-83.39546
WETMORE,WETMORE,OR,Wheeler,1945,True,4.0,True,3,44.98708,-119.8928
PRIMM SPRINGS,PRIMM SPRINGS,TN,Hickman,1945,True,1.0,True,57,35.8209003,-87.2500097
BIGGS,BIGGS,KY,Pike,1945,True,1.0,True,39,37.4128351,-82.2570418
TURNERVILLE,TURNERVILLE,NM,Grant,1945,True,0.0,True,76,32.80202,-108.0848
SUNNY VALLEY,SUNNY VALLEY,OR,Josephine,1945,True,1.0,True,20,42.63901,-123.3756
POMONA PARK,POMONA PARK,FL,Putnam,1945,True,0.0,True,76,29.4963376,-81.5935784
LEONIA,LEONIA,FL,Holmes,1944,True,1.0,True,11,30.9085166,-86.0249382
HENDERSON,HENDERSON,NV,Clark,1944,True,0.0,True,77,36.03593,-114.9751
SOLROMAR,SOLROMAR,CA,Ventura,1944,True,1.0,True,12,34.05001,-118.9537
MARYBILL,MARYBILL,WV,Nicholas,1944,True,1.0,True,13,38.26872,-80.68231
CAPITO,CAPITO,KY,Bell,1944,True,1.0,True,12,36.6148,-83.83105
WACCABUC,WACCABUC,NY,Westchester,1944,True,1.0,True,33,41.2908124,-73.5953133
SAN JUAN PUEBLO,SAN JUAN PUEBLO,NM,Rio Arriba,1944,True,0.0,True,77,36.0528,-106.0706
DESERT HOT SPRINGS,DESERT HOT SPRINGS,CA,Riverside,1944,True,0.0,True,77,33.94625,-116.5049
GREEN RIDGE,GREEN RIDGE,PA,Delaware,1944,True,1.0,True,11,39.8681676,-75.4135276
BOVARD,BOVARD,PA,Westmoreland,1944,True,0.0,True,77,40.3181454,-79.5066039
ELIM,ELIM,AK,,1944,True,0.0,True,77,64.61733,-162.2606
MIRROR LAKE,MIRROR LAKE,WA,King,1944,True,1.0,True,11,47.32427,-122.3412
